date,sku_id,category,units_sold,fold,model_p50,model_p10,model_p90,baseline_pred
2025-11-03,SKU001,Furniture,96,1,90.2042112170744,75.58925482864598,105.53952436864091,82
2025-11-10,SKU001,Furniture,89,1,91.491830387979,76.82501319144016,106.90528119041922,98
2025-11-17,SKU001,Furniture,83,1,88.7683485550144,73.26263435903911,96.77866092553315,82
2025-11-24,SKU001,Furniture,92,1,87.20533264997778,73.46330220119445,95.34480537071546,85
2025-12-01,SKU001,Furniture,81,1,89.68395595381477,72.37037161205662,98.37113359105201,66
2025-12-08,SKU001,Furniture,89,1,90.06833546122154,75.85743883738249,98.74124731662754,85
2025-12-15,SKU001,Furniture,93,1,91.08842878533483,74.96414980297999,99.26301441564182,96
2025-12-22,SKU001,Furniture,82,1,90.1670779688152,74.06793051247418,97.39816802689046,79
2025-11-03,SKU002,Home Decor,76,1,64.57085234489918,54.570606436786086,72.4418276056271,61
2025-11-10,SKU002,Home Decor,71,1,67.17797258646827,51.144923554307695,73.71095563179463,53
2025-11-17,SKU002,Home Decor,57,1,68.65105972211522,60.451542982798244,79.43106513222438,72
2025-11-24,SKU002,Home Decor,66,1,65.89026950031615,57.65754169742783,74.42926075540956,67
2025-12-01,SKU002,Home Decor,66,1,63.82780339745434,53.579139859547965,69.87068089034845,57
2025-12-08,SKU002,Home Decor,50,1,59.77209167657887,55.14047460670278,72.80838733974701,61
2025-12-15,SKU002,Home Decor,55,1,68.6775166018426,56.05305784997196,74.87647573621136,66
2025-12-22,SKU002,Home Decor,51,1,57.188854564827,50.814361220226814,67.4615203682575,56
2025-11-03,SKU003,Kitchen,36,1,32.09767740288983,27.998564218148108,36.42985410531178,22
2025-11-10,SKU003,Kitchen,39,1,35.74473177311996,31.00507596560759,41.3419885990348,36
2025-11-17,SKU003,Kitchen,38,1,38.96600699399835,31.10303038191733,41.201354693077064,39
2025-11-24,SKU003,Kitchen,42,1,37.489903218886816,33.65897239758439,47.883856511959294,40
2025-12-01,SKU003,Kitchen,28,1,39.67467408016744,32.64076896894986,45.56434502744512,38
2025-12-08,SKU003,Kitchen,34,1,37.108955298657136,34.02099440801112,46.14756271790101,34
2025-12-15,SKU003,Kitchen,36,1,36.43842531277292,33.00914361976965,43.64133038677594,26
2025-12-22,SKU003,Kitchen,22,1,34.81285052138187,33.00243580808933,44.826372876505545,43
2025-11-03,SKU004,Lighting,33,1,32.19581603813728,25.84115354472802,32.97762198610114,30
2025-11-10,SKU004,Lighting,25,1,28.66982223047587,24.426119294265366,31.679970504034902,28
2025-11-17,SKU004,Lighting,32,1,28.994735786985384,24.912022886162898,32.07964916975667,25
2025-11-24,SKU004,Lighting,26,1,31.157050841655515,24.017645209336774,31.89189690027176,24
2025-12-01,SKU004,Lighting,25,1,26.553416907834755,23.477398409333958,30.20123874403694,23
2025-12-08,SKU004,Lighting,28,1,25.545079173384398,22.52627125275967,31.25788587272561,29
2025-12-15,SKU004,Lighting,39,1,26.54939105439294,24.92016408969683,30.388261813896165,31
2025-12-22,SKU004,Lighting,37,1,27.558322360701677,24.032928228587213,31.130316810797293,26
2025-11-03,SKU005,Storage,102,1,98.41029334650295,78.52959824141725,110.1715849491264,109
2025-11-10,SKU005,Storage,115,1,102.72518955249183,84.97729806776991,112.30595493442928,114
2025-11-17,SKU005,Storage,105,1,100.43633063879919,80.52656508724704,120.94903738357712,119
2025-11-24,SKU005,Storage,107,1,100.84025393344334,85.22014541888113,116.35150548613807,101
2025-12-01,SKU005,Storage,111,1,100.00422781376683,79.41103132697485,114.84407993624234,76
2025-12-08,SKU005,Storage,93,1,104.97323855313701,92.52535289640068,126.0813791267669,97
2025-12-15,SKU005,Storage,96,1,106.38604250954816,90.39100116422924,124.95203553273643,109
2025-12-22,SKU005,Storage,112,1,107.85298333372404,90.9609180020735,128.17362240648674,107
2025-11-03,SKU006,Furniture,41,1,38.662799251656885,31.57485568146331,46.329706926583924,41
2025-11-10,SKU006,Furniture,35,1,39.80266214977167,31.901200521611038,47.4976289710536,39
2025-11-17,SKU006,Furniture,32,1,41.09366318128039,34.68847309286339,50.11422658238296,33
2025-11-24,SKU006,Furniture,42,1,41.972198075105716,34.560077533631194,48.61997388339711,43
2025-12-01,SKU006,Furniture,42,1,40.063698234924956,34.84781982877821,51.368203943543364,41
2025-12-08,SKU006,Furniture,38,1,36.41181531636013,37.85582998499556,46.443493617425034,39
2025-12-15,SKU006,Furniture,41,1,34.46803933585303,35.77452933065301,46.29364034512687,39
2025-12-22,SKU006,Furniture,39,1,34.947341559961714,33.86301253466434,47.523707790529734,45
2025-11-03,SKU007,Home Decor,151,1,153.4403143528504,140.14764842218102,164.5594056622096,158
2025-11-10,SKU007,Home Decor,134,1,153.20345783984777,140.01958482144818,162.4152793290098,166
2025-11-17,SKU007,Home Decor,133,1,157.53189514514548,141.06896223445568,171.0380852084687,166
2025-11-24,SKU007,Home Decor,171,1,160.08101078397954,141.6163536396964,171.9393134803829,168
2025-12-01,SKU007,Home Decor,183,1,155.6192709321249,132.7817357899762,163.65504451280324,133
2025-12-08,SKU007,Home Decor,136,1,160.70830262167937,139.8548937156743,174.23240331018803,141
2025-12-15,SKU007,Home Decor,156,1,153.07657987858124,132.7257539068171,175.0460673987745,136
2025-12-22,SKU007,Home Decor,155,1,152.25231351584938,132.23194308386715,174.59176438817477,166
2025-11-03,SKU008,Kitchen,106,1,96.47761996777899,77.13937126611354,109.29130738710012,98
2025-11-10,SKU008,Kitchen,99,1,98.06820613763472,77.45251263171056,108.62360719978362,97
2025-11-17,SKU008,Kitchen,101,1,102.54236580384122,80.49905122032605,114.1731767077046,104
2025-11-24,SKU008,Kitchen,94,1,94.28946809614011,75.49805938031626,106.9228874247183,89
2025-12-01,SKU008,Kitchen,117,1,93.18341666889981,80.40007875515626,114.44068732734668,108
2025-12-08,SKU008,Kitchen,95,1,97.24541894589896,90.7836157910702,112.17459517037875,111
2025-12-15,SKU008,Kitchen,111,1,101.02659539266506,89.46859597264137,113.93877426249308,101
2025-12-22,SKU008,Kitchen,98,1,94.1323839624207,84.91694658869822,107.82364406447023,77
2025-11-03,SKU009,Lighting,76,1,63.58087494386159,51.84266748842434,70.26448909670682,67
2025-11-10,SKU009,Lighting,56,1,70.81302717323422,51.77697497709582,80.94664398561157,68
2025-11-17,SKU009,Lighting,62,1,69.21605403656137,62.198330175623155,83.31840330495136,61
2025-11-24,SKU009,Lighting,60,1,68.8370395764027,60.667197399803065,82.12242024060023,60
2025-12-01,SKU009,Lighting,69,1,68.17258023696012,52.686213033069215,74.58095664241975,55
2025-12-08,SKU009,Lighting,73,1,62.49870588090072,57.126133197542224,75.29297659898644,52
2025-12-15,SKU009,Lighting,87,1,75.47521980772844,50.06867590712775,83.36346814549104,80
2025-12-22,SKU009,Lighting,70,1,68.38454058312593,51.007720568524086,74.65185755860684,71
2025-11-03,SKU010,Storage,121,1,105.29226935226623,87.29477758604666,118.8784679198499,109
2025-11-10,SKU010,Storage,83,1,104.89243055350742,83.75492877621676,119.16739742980005,99
2025-11-17,SKU010,Storage,110,1,107.38017880029602,89.4501194099938,123.1828003918384,116
2025-11-24,SKU010,Storage,98,1,107.77718642411897,88.06944757699581,125.6534165247181,116
2025-12-01,SKU010,Storage,103,1,103.97842409407511,78.02723209792147,118.98784551982584,95
2025-12-08,SKU010,Storage,131,1,103.47034093368363,82.62632794797584,118.26510385946565,104
2025-12-15,SKU010,Storage,110,1,96.41861668555438,81.08513217174628,114.38014459054295,104
2025-12-22,SKU010,Storage,98,1,98.4424770981915,82.56612861732701,109.35812812415521,113
2025-11-03,SKU011,Furniture,16,1,16.44798045043174,11.781578722075283,25.60016765764901,12
2025-11-10,SKU011,Furniture,21,1,18.46385810646308,12.253916019848626,24.76232066554736,11
2025-11-17,SKU011,Furniture,23,1,17.486082323596513,11.514531742219303,24.84059619391353,15
2025-11-24,SKU011,Furniture,9,1,20.163158325346494,13.067838986495076,25.034524899442896,26
2025-12-01,SKU011,Furniture,18,1,18.079330832639904,11.989600428282202,25.316626926802854,25
2025-12-08,SKU011,Furniture,16,1,19.935287113261154,13.728305122800803,24.730587618826146,22
2025-12-15,SKU011,Furniture,23,1,19.027801920626302,12.333664060169133,27.27866718910177,16
2025-12-22,SKU011,Furniture,16,1,16.83514849290186,11.424101553106055,25.04043745472935,20
2025-11-03,SKU012,Home Decor,141,1,157.48591431275455,148.4319512621543,173.34261749977588,187
2025-11-10,SKU012,Home Decor,166,1,161.92106355033025,137.10336607125208,178.30591529633404,152
2025-11-17,SKU012,Home Decor,157,1,164.46936247617967,150.75647121112013,177.13435692366855,177
2025-11-24,SKU012,Home Decor,155,1,164.98345533214214,149.77243491152913,179.9548273525447,177
2025-12-01,SKU012,Home Decor,166,1,158.3195124252376,139.0215488355262,171.69481760155577,166
2025-12-08,SKU012,Home Decor,168,1,151.92413863829685,136.4521694316126,176.4248738081157,160
2025-12-15,SKU012,Home Decor,149,1,151.72642679175823,141.3302768687423,189.2294187517275,184
2025-12-22,SKU012,Home Decor,177,1,151.15828149081392,131.8391170276659,176.3852787754914,150
2025-11-03,SKU013,Kitchen,81,1,87.48188170406378,77.92129098583789,102.60109769128304,91
2025-11-10,SKU013,Kitchen,86,1,87.27221057496898,76.16590464264871,107.87339887604796,69
2025-11-17,SKU013,Kitchen,89,1,94.16681635085655,75.69484323431926,109.31165917261457,102
2025-11-24,SKU013,Kitchen,84,1,93.11856041450204,77.79164508347908,104.42391660241711,96
2025-12-01,SKU013,Kitchen,84,1,91.90352520816104,78.90128533368663,104.95359233735947,84
2025-12-08,SKU013,Kitchen,81,1,91.23067955868166,79.8409489323348,96.93972114793094,95
2025-12-15,SKU013,Kitchen,113,1,88.98788968097708,74.21131932857614,91.38047192646275,96
2025-12-22,SKU013,Kitchen,94,1,84.99692410860538,67.93911556887504,90.54658752564774,79
2025-11-03,SKU014,Lighting,119,1,129.95571600490632,122.02383412665986,139.195178656672,126
2025-11-10,SKU014,Lighting,120,1,136.65179131458746,122.88775731862714,148.38749692939268,131
2025-11-17,SKU014,Lighting,139,1,135.1051166388392,124.46163143648897,151.2469378475582,129
2025-11-24,SKU014,Lighting,119,1,134.8090520424277,124.76702392954665,155.58440113444146,154
2025-12-01,SKU014,Lighting,153,1,137.7428647415257,121.59984332525707,146.38777364470124,134
2025-12-08,SKU014,Lighting,122,1,143.97583697556263,122.91095906891074,162.07813137753803,136
2025-12-15,SKU014,Lighting,149,1,136.8873839930206,121.5548584396032,147.37616048016753,132
2025-12-22,SKU014,Lighting,112,1,137.96475643481222,121.30301047529531,148.50677301829305,141
2025-11-03,SKU015,Storage,17,1,26.692539304296837,20.785475665261163,28.96447478193417,27
2025-11-10,SKU015,Storage,14,1,23.67455202047837,20.696199946231687,28.68361437121609,23
2025-11-17,SKU015,Storage,31,1,21.412057943628557,18.64905110328056,29.09649908131131,23
2025-11-24,SKU015,Storage,17,1,25.227364951504867,19.548100356452988,28.524523781269387,32
2025-12-01,SKU015,Storage,32,1,26.723448669661185,18.17936157346915,28.37622588852706,26
2025-12-08,SKU015,Storage,23,1,23.01007063952191,15.808430219376968,28.525219294912826,26
2025-12-15,SKU015,Storage,31,1,18.416365005576093,13.610413096753769,25.285059056057708,21
2025-12-22,SKU015,Storage,20,1,21.102476650618772,15.331653124078915,25.524783613124477,27
2025-11-03,SKU016,Furniture,112,1,90.58356003833511,68.6521993797438,100.21130496755552,99
2025-11-10,SKU016,Furniture,92,1,80.20203343757694,63.14979336888775,92.09403775594575,78
2025-11-17,SKU016,Furniture,93,1,95.75014381058035,66.73423206319042,100.7212272915249,104
2025-11-24,SKU016,Furniture,78,1,88.88175063540116,66.61292477501404,100.08624319017666,100
2025-12-01,SKU016,Furniture,71,1,86.79634364297729,62.41628366996317,93.00339234196576,96
2025-12-08,SKU016,Furniture,79,1,82.79090280340405,59.226439026195166,89.81063315856049,83
2025-12-15,SKU016,Furniture,72,1,80.33183829861575,71.20950929583508,92.95902155684901,65
2025-12-22,SKU016,Furniture,84,1,78.2830716322364,66.16342417228543,86.9898839409853,89
2025-11-03,SKU017,Home Decor,79,1,84.93371287391753,63.062000965022634,84.73627216903178,94
2025-11-10,SKU017,Home Decor,103,1,84.5681318006648,59.09246864957078,85.50658270415984,92
2025-11-17,SKU017,Home Decor,88,1,84.74666523152231,65.66704834383475,89.02729677624737,95
2025-11-24,SKU017,Home Decor,86,1,86.03658564098048,68.73897158283305,88.29218110456335,92
2025-12-01,SKU017,Home Decor,97,1,79.08205599581356,64.63788834513406,85.0150562084351,77
2025-12-08,SKU017,Home Decor,110,1,81.15562562620163,61.93776093304418,85.26475792069695,85
2025-12-15,SKU017,Home Decor,79,1,84.98497685370707,65.90729324849607,87.23382868051394,92
2025-12-22,SKU017,Home Decor,90,1,78.57933036314535,66.13714322800864,82.20291569895454,82
2025-11-03,SKU018,Kitchen,159,1,151.54685480721332,137.39552657209484,159.02146515554193,159
2025-11-10,SKU018,Kitchen,158,1,152.8950692629778,149.86364425402778,168.0863777353643,171
2025-11-17,SKU018,Kitchen,145,1,150.53817648643275,138.14616779990186,166.77437937922699,155
2025-11-24,SKU018,Kitchen,148,1,147.29065908457653,127.83213260945753,160.35016342753408,147
2025-12-01,SKU018,Kitchen,163,1,142.58098323218093,126.34133186683657,157.85097255959212,144
2025-12-08,SKU018,Kitchen,147,1,153.91512702751407,143.04365224223469,184.78173993096857,180
2025-12-15,SKU018,Kitchen,164,1,153.17012038797156,129.5984880673479,174.38769961027123,151
2025-12-22,SKU018,Kitchen,166,1,155.99401186297297,132.03457808929195,176.85767241007517,169
2025-11-03,SKU019,Lighting,100,1,98.06353753951541,83.80732803153724,117.65852474044142,105
2025-11-10,SKU019,Lighting,97,1,99.6500919702483,78.62984050452242,116.27407422897818,93
2025-11-17,SKU019,Lighting,116,1,105.04205690927678,82.41763844591868,116.42103715405273,121
2025-11-24,SKU019,Lighting,113,1,99.63280447962433,85.1097897292723,123.2233657408691,109
2025-12-01,SKU019,Lighting,84,1,102.48047402995842,78.96196920531308,112.90510377211551,112
2025-12-08,SKU019,Lighting,98,1,99.57851128591534,86.08514743669862,118.27696093294489,117
2025-12-15,SKU019,Lighting,104,1,96.75569189316137,86.52244671220686,111.71826622419752,101
2025-12-22,SKU019,Lighting,104,1,91.75704745718599,80.12852960369116,102.45059480900088,95
2025-11-03,SKU020,Storage,90,1,80.05551119435808,70.97804508763171,91.61101451084478,69
2025-11-10,SKU020,Storage,83,1,83.15193907505099,73.16395676357529,94.88624619421438,77
2025-11-17,SKU020,Storage,92,1,86.30309863966617,71.36134548109419,97.62205356395653,90
2025-11-24,SKU020,Storage,80,1,87.52524630144472,72.8020299031653,96.44482329131993,69
2025-12-01,SKU020,Storage,95,1,89.64692413526697,70.12133421911207,101.00337810141602,93
2025-12-08,SKU020,Storage,88,1,88.44272028084153,82.50149020593776,101.76050853051765,88
2025-12-15,SKU020,Storage,79,1,88.98691648560381,78.10319677260601,99.278577695413,78
2025-12-22,SKU020,Storage,78,1,87.6230379209385,74.50658909314805,98.26269614635535,78
2025-11-03,SKU021,Furniture,55,1,50.97128623427491,40.68455572137755,57.031056669122805,51
2025-11-10,SKU021,Furniture,50,1,58.34441688816532,41.01699947035286,62.38630476527235,67
2025-11-17,SKU021,Furniture,46,1,53.8489890062241,43.306619491074144,61.84067724862236,57
2025-11-24,SKU021,Furniture,44,1,53.41615693062745,45.43922101203229,62.805377917324755,53
2025-12-01,SKU021,Furniture,44,1,47.9611500950029,36.06347738201258,57.413006914115314,41
2025-12-08,SKU021,Furniture,58,1,47.38093628473935,46.18811369372897,60.98794979330478,61
2025-12-15,SKU021,Furniture,53,1,55.73760775750902,43.99991411583037,62.013608641801284,64
2025-12-22,SKU021,Furniture,45,1,45.69787487085691,39.5457825345591,60.62188302891399,44
2025-11-03,SKU022,Home Decor,59,1,57.07306069784504,48.88402617794582,64.97061665238513,54
2025-11-10,SKU022,Home Decor,42,1,57.81966758084859,46.27445617241032,67.07269624667454,55
2025-11-17,SKU022,Home Decor,78,1,61.44246316062886,48.574767152441204,69.60275453577546,66
2025-11-24,SKU022,Home Decor,58,1,63.676310702772696,51.77835756657129,71.3331624981541,66
2025-12-01,SKU022,Home Decor,66,1,60.4818915986763,45.808982145692255,68.7527126956561,65
2025-12-08,SKU022,Home Decor,75,1,54.35138760954625,52.158015585547886,64.94449912212664,61
2025-12-15,SKU022,Home Decor,60,1,62.92638134762655,50.35211688765261,70.02371933287944,65
2025-12-22,SKU022,Home Decor,57,1,53.74862762765187,50.94749500069914,63.81718232073864,52
2025-11-03,SKU023,Kitchen,86,1,83.07007907100981,70.09750237194812,93.15866092107015,89
2025-11-10,SKU023,Kitchen,92,1,79.35474670185513,62.57991949655178,90.73602514460994,79
2025-11-17,SKU023,Kitchen,84,1,93.69544218262789,73.13593486791643,102.80729704635824,104
2025-11-24,SKU023,Kitchen,86,1,91.81774984763868,75.2819350108642,106.10426498658946,88
2025-12-01,SKU023,Kitchen,94,1,94.9377795178281,76.24680382876493,111.70661405382974,117
2025-12-08,SKU023,Kitchen,100,1,95.00603789821845,77.98302867728549,113.57110274685834,97
2025-12-15,SKU023,Kitchen,88,1,89.93718769113616,66.98353717121893,102.36949228063776,86
2025-12-22,SKU023,Kitchen,106,1,92.13963304113483,71.32459241796617,105.9975026150284,97
2025-11-03,SKU024,Lighting,85,1,81.1779301345065,72.8303813169664,93.64640821168867,78
2025-11-10,SKU024,Lighting,75,1,82.31158235886895,69.28102693848128,97.05001801260558,80
2025-11-17,SKU024,Lighting,84,1,86.49885841212445,73.46459741942708,101.34452914587234,73
2025-11-24,SKU024,Lighting,76,1,87.73163483606663,72.13668844966962,100.3142879539145,73
2025-12-01,SKU024,Lighting,84,1,77.75329947165326,65.86577207769928,91.11257760273934,68
2025-12-08,SKU024,Lighting,87,1,83.80187567282537,64.61540228384443,92.34911291081957,84
2025-12-15,SKU024,Lighting,76,1,88.69469932379046,64.92678988446134,95.28132364736871,92
2025-12-22,SKU024,Lighting,84,1,79.66834425588615,68.1720234541879,90.59837281930415,77
2025-11-03,SKU025,Storage,20,1,18.575221945760262,14.506985022449234,24.964009771907275,21
2025-11-10,SKU025,Storage,18,1,17.109595071071013,13.68107823620201,25.848813728876916,18
2025-11-17,SKU025,Storage,17,1,18.392452640756474,13.1232070152101,25.167191055842483,16
2025-11-24,SKU025,Storage,10,1,20.613289916767563,12.90009192436382,25.637720215633255,25
2025-12-01,SKU025,Storage,10,1,19.118835408323957,13.978984583340601,25.36353427951476,6
2025-12-08,SKU025,Storage,17,1,19.81154417970647,13.857656612644343,26.29143627161557,25
2025-12-15,SKU025,Storage,16,1,19.908903175887524,12.373897241118565,25.09142031075693,23
2025-12-22,SKU025,Storage,14,1,20.324967115489756,13.38696727565211,25.131147021276604,23
2025-11-03,SKU026,Furniture,134,1,130.84553541567675,122.7098225369119,148.96708753373954,128
2025-11-10,SKU026,Furniture,132,1,129.78427394104304,120.76540888770887,149.00617393047563,132
2025-11-17,SKU026,Furniture,127,1,140.47722417359319,122.8458297082627,155.94611349078178,162
2025-11-24,SKU026,Furniture,128,1,134.2599703673758,125.23108164064992,152.28032998897731,119
2025-12-01,SKU026,Furniture,133,1,129.50890731591616,113.49515096630766,137.8704709911719,115
2025-12-08,SKU026,Furniture,151,1,137.55087565868436,120.99875227166358,170.30455963902003,168
2025-12-15,SKU026,Furniture,127,1,141.58927482795247,122.91222478931319,158.6578756792559,140
2025-12-22,SKU026,Furniture,160,1,135.59834837433348,122.02529375158366,152.62732627252115,139
2025-11-03,SKU027,Home Decor,143,1,138.86311406747188,125.3682353564791,147.51234927150702,144
2025-11-10,SKU027,Home Decor,140,1,139.8235914997157,123.57027119655972,152.94578352118498,141
2025-11-17,SKU027,Home Decor,154,1,146.50502199379568,128.91991077922074,161.13824706060612,160
2025-11-24,SKU027,Home Decor,160,1,158.31766632234942,134.54764129207967,169.1396040892374,164
2025-12-01,SKU027,Home Decor,165,1,151.69427082505266,131.40856184366098,168.12717529676158,153
2025-12-08,SKU027,Home Decor,144,1,153.27953958333816,132.42892494959494,173.94178208665727,154
2025-12-15,SKU027,Home Decor,170,1,149.11150135314094,130.1724779261088,169.03955256536227,147
2025-12-22,SKU027,Home Decor,181,1,150.79226956766226,131.96957207501163,170.67583002419053,135
2025-11-03,SKU028,Kitchen,29,1,38.382622504259416,30.080654062643923,39.58480703390893,39
2025-11-10,SKU028,Kitchen,37,1,33.78894260768239,31.61720450149299,43.11907478634475,33
2025-11-17,SKU028,Kitchen,37,1,36.383525987580626,32.99974036971561,42.639407275662684,33
2025-11-24,SKU028,Kitchen,40,1,34.331601432781774,28.766874641191816,40.88854415212718,32
2025-12-01,SKU028,Kitchen,36,1,29.038497120444713,25.93279738792395,34.45323204987019,38
2025-12-08,SKU028,Kitchen,35,1,31.093215009991187,27.143526441512968,42.64014254160409,43
2025-12-15,SKU028,Kitchen,29,1,31.489505278450146,27.193948964935053,43.079012764426665,45
2025-12-22,SKU028,Kitchen,19,1,30.968350883751423,24.475154236285498,37.76559532899617,39
2025-11-03,SKU029,Lighting,102,1,97.19210398598976,80.61011854935623,110.67179232329515,77
2025-11-10,SKU029,Lighting,87,1,100.53529197344847,79.47697856353798,108.13624624748053,102
2025-11-17,SKU029,Lighting,106,1,103.47187803268679,84.89371990863829,115.95844847963835,110
2025-11-24,SKU029,Lighting,96,1,100.44631564290538,77.54513327480286,116.42797148392076,106
2025-12-01,SKU029,Lighting,86,1,95.20195798947826,74.08922337705691,104.40125040232735,90
2025-12-08,SKU029,Lighting,98,1,94.85816875364027,78.39828097843355,99.29984922630868,109
2025-12-15,SKU029,Lighting,113,1,95.00040062127431,80.65910414292536,98.47727696911407,96
2025-12-22,SKU029,Lighting,105,1,93.34552815306739,83.31409989402931,99.55301062950245,107
2025-11-03,SKU030,Storage,29,1,31.136256496108427,24.810948234709564,34.494443733372144,27
2025-11-10,SKU030,Storage,28,1,34.1822204908021,27.701152659898156,36.73964090026892,30
2025-11-17,SKU030,Storage,31,1,33.72028069889089,26.24196253181704,36.84352160261501,28
2025-11-24,SKU030,Storage,33,1,32.4671489419934,27.432331261056397,36.66319817721957,34
2025-12-01,SKU030,Storage,25,1,31.008078575355974,25.61642115528394,36.99838929806493,29
2025-12-08,SKU030,Storage,28,1,31.381138231135715,26.496245447304872,37.196258789973065,33
2025-12-15,SKU030,Storage,34,1,31.939643200214554,26.18422475644802,35.956209984103985,36
2025-12-22,SKU030,Storage,25,1,30.166242292197072,24.86536579114423,35.15284844413347,32
2025-11-03,SKU031,Furniture,109,1,118.35822792399226,110.2441691104888,132.66114360916663,131
2025-11-10,SKU031,Furniture,109,1,121.54691627336128,110.04252479401235,130.23978922019805,118
2025-11-17,SKU031,Furniture,126,1,119.82487945634163,104.35088387916207,127.7980868312796,108
2025-11-24,SKU031,Furniture,118,1,120.32899659907906,103.82466493124774,126.23661129378438,101
2025-12-01,SKU031,Furniture,101,1,111.46198665805937,101.85427902390211,125.43611395938771,113
2025-12-08,SKU031,Furniture,95,1,111.74262595090606,103.5277565138614,124.93139173783888,112
2025-12-15,SKU031,Furniture,114,1,112.45985018241092,103.6648484455374,125.88728203218808,101
2025-12-22,SKU031,Furniture,126,1,113.68556175213341,104.70093621101867,123.44519613410624,110
2025-11-03,SKU032,Home Decor,68,1,49.22811716716074,40.81717296168527,56.29252175448778,53
2025-11-10,SKU032,Home Decor,62,1,64.0849624382116,44.76303111716784,71.11875639548327,66
2025-11-17,SKU032,Home Decor,57,1,57.2118258308647,52.19564393290386,70.99891555790632,55
2025-11-24,SKU032,Home Decor,64,1,55.70145521947933,43.37481302052027,64.51568813554961,37
2025-12-01,SKU032,Home Decor,52,1,59.11498351588567,45.58375508970477,68.05774777417389,56
2025-12-08,SKU032,Home Decor,61,1,50.71330778365704,48.54097854331567,62.00898507949842,53
2025-12-15,SKU032,Home Decor,57,1,53.70998654184284,46.24097854331567,61.693602253929946,56
2025-12-22,SKU032,Home Decor,62,1,54.19982685247927,48.28404125775319,64.21556893835657,61
2025-11-03,SKU033,Kitchen,95,1,107.23856279531401,94.67525437177588,122.42024279746356,118
2025-11-10,SKU033,Kitchen,113,1,106.19855887066687,98.87067899654808,126.27107847544916,128
2025-11-17,SKU033,Kitchen,113,1,106.73634473292614,98.1990441488699,123.9945263072243,99
2025-11-24,SKU033,Kitchen,120,1,111.2670188506611,98.82333584983591,129.06488061856692,109
2025-12-01,SKU033,Kitchen,129,1,109.80974774716833,93.16765573065214,129.61830217893518,87
2025-12-08,SKU033,Kitchen,113,1,109.3361173838816,93.38547652379796,130.51519910500195,107
2025-12-15,SKU033,Kitchen,108,1,110.313917808122,94.50972291743703,140.15948331845618,132
2025-12-22,SKU033,Kitchen,115,1,110.12638017509174,94.95565408150229,127.72217159522468,116
2025-11-03,SKU034,Lighting,122,1,124.16448490908279,117.80551114044808,143.6628633207491,125
2025-11-10,SKU034,Lighting,135,1,128.188529610871,113.75322142040771,142.5193276660456,129
2025-11-17,SKU034,Lighting,118,1,130.7220099646944,108.99427040107655,139.7562802954962,129
2025-11-24,SKU034,Lighting,132,1,125.63584705464022,117.04249201634345,150.99070929798637,126
2025-12-01,SKU034,Lighting,129,1,122.74782692983226,106.55431398689919,139.0246281544652,138
2025-12-08,SKU034,Lighting,143,1,125.53832647440646,106.13461523928387,142.02079344390089,132
2025-12-15,SKU034,Lighting,118,1,121.63897590372474,112.73327777135243,140.0332821393535,134
2025-12-22,SKU034,Lighting,121,1,112.73942177222096,96.94262700026287,133.0744052933928,121
2025-11-03,SKU035,Storage,112,1,127.8472679697899,127.48044873113697,145.30661918059727,120
2025-11-10,SKU035,Storage,116,1,128.76423121259907,119.18145000692967,144.60460295754808,128
2025-11-17,SKU035,Storage,122,1,128.86109749050556,119.14083478204695,143.61660131094052,116
2025-11-24,SKU035,Storage,126,1,128.48893255627306,116.8825320616988,143.67417522262326,140
2025-12-01,SKU035,Storage,140,1,129.17093872758605,115.81053879326244,135.97071168627556,128
2025-12-08,SKU035,Storage,133,1,136.97865655844393,122.05109860709209,147.5468574384418,136
2025-12-15,SKU035,Storage,123,1,136.6381437156613,120.25346216781166,152.16899721312697,137
2025-12-22,SKU035,Storage,131,1,137.46188164909202,121.05595890563843,148.24136834344472,121
2025-11-03,SKU036,Furniture,29,1,33.60752643135437,25.651263741144177,35.28838143909141,31
2025-11-10,SKU036,Furniture,30,1,30.236835918303573,26.211485464861774,33.49019957390625,33
2025-11-17,SKU036,Furniture,26,1,32.72598094743726,28.407530102632812,36.30338013443998,36
2025-11-24,SKU036,Furniture,38,1,33.4869177630686,26.61086553316749,34.822215774906994,33
2025-12-01,SKU036,Furniture,26,1,30.331043742590452,25.692662997257116,33.98221552461036,29
2025-12-08,SKU036,Furniture,32,1,28.729291188306792,21.54687360486115,33.949606313348674,24
2025-12-15,SKU036,Furniture,31,1,28.595533967442407,24.662069671354512,33.89651319807026,34
2025-12-22,SKU036,Furniture,34,1,25.84969286562568,24.2115315130493,32.71057805884963,25
2025-11-03,SKU037,Home Decor,155,1,149.39636387670174,138.279639263084,164.4970893150402,159
2025-11-10,SKU037,Home Decor,168,1,153.13808572609355,135.96505664700243,163.56835643528737,161
2025-11-17,SKU037,Home Decor,153,1,152.81838608416024,141.59954815500961,167.2567007862824,159
2025-11-24,SKU037,Home Decor,160,1,156.7869837955286,136.56816287501198,167.60488350181416,144
2025-12-01,SKU037,Home Decor,151,1,149.86148767854957,133.8324717202298,164.36534059297838,135
2025-12-08,SKU037,Home Decor,145,1,153.95270710919687,139.8294436723989,185.31632088720963,176
2025-12-15,SKU037,Home Decor,136,1,152.77743653121945,137.76930653155702,177.14526765881328,170
2025-12-22,SKU037,Home Decor,148,1,151.98984715865447,140.0263750370018,185.47658377881424,179
2025-11-03,SKU038,Kitchen,42,1,47.71593274891051,35.250656359820844,55.21547853221216,55
2025-11-10,SKU038,Kitchen,47,1,44.63213479533195,34.600554097634486,56.84239122804244,34
2025-11-17,SKU038,Kitchen,50,1,45.80775774823884,33.633651553689795,50.59508253818949,50
2025-11-24,SKU038,Kitchen,60,1,43.210660293186265,35.34350812817716,54.9812140075867,44
2025-12-01,SKU038,Kitchen,60,1,41.31182495030623,34.09268249071031,52.33052534121699,39
2025-12-08,SKU038,Kitchen,43,1,47.25817021420071,39.65159781147337,56.633720867151695,55
2025-12-15,SKU038,Kitchen,45,1,49.10798919789975,38.67924120289794,60.11149260491942,57
2025-12-22,SKU038,Kitchen,50,1,44.87587804402059,40.247110695200725,56.46721685042039,48
2025-11-03,SKU039,Lighting,19,1,17.657777323475703,13.551073170183082,24.83857118636441,22
2025-11-10,SKU039,Lighting,17,1,16.766071733508447,13.924514780632434,24.9691064541472,23
2025-11-17,SKU039,Lighting,26,1,17.71422620092007,13.86986679871157,25.0685277973762,18
2025-11-24,SKU039,Lighting,13,1,19.903416055934002,14.062455671203134,25.61535078331018,25
2025-12-01,SKU039,Lighting,20,1,20.75493299659234,14.920459724183194,25.921280892862157,12
2025-12-08,SKU039,Lighting,16,1,19.905450798114362,13.985138823360701,26.359887637907708,17
2025-12-15,SKU039,Lighting,16,1,18.310477990713732,13.169770791184543,26.439435521888353,12
2025-12-22,SKU039,Lighting,14,1,17.088712579339166,13.599241628757355,24.96962953520486,16
2025-11-03,SKU040,Storage,99,1,96.86743267978865,79.51709665870725,113.84745441737078,83
2025-11-10,SKU040,Storage,91,1,103.06729802801921,94.72917515246743,122.22705423287758,115
2025-11-17,SKU040,Storage,94,1,103.61645026026267,91.01996702567645,122.95570383638902,100
2025-11-24,SKU040,Storage,84,1,99.34893301001868,82.34357393599538,121.46119743691958,97
2025-12-01,SKU040,Storage,82,1,97.52830476321549,79.0016869114113,117.3552767282788,91
2025-12-08,SKU040,Storage,98,1,97.81479434353639,78.59110269853701,112.97442310648913,94
2025-12-15,SKU040,Storage,104,1,91.16349167714515,77.07849704917571,99.82825766998074,88
2025-12-22,SKU040,Storage,98,1,91.57733685630481,78.29091870538296,103.17735355207519,99
2025-11-03,SKU041,Furniture,66,1,65.26369007543595,57.22930778067772,75.30657796993536,65
2025-11-10,SKU041,Furniture,81,1,67.79065302479124,54.410833666665724,76.51854092788705,72
2025-11-17,SKU041,Furniture,65,1,61.04259382706522,54.21156262449347,73.51162158210468,58
2025-11-24,SKU041,Furniture,52,1,64.92797301263691,51.028385633069846,73.01077156212284,67
2025-12-01,SKU041,Furniture,86,1,70.56079718608076,50.97469750620782,77.0512441556676,71
2025-12-08,SKU041,Furniture,74,1,70.55730697025386,54.170574973070856,78.66180056779125,72
2025-12-15,SKU041,Furniture,73,1,61.863429801960166,50.65428055435964,73.38076817980294,55
2025-12-22,SKU041,Furniture,62,1,68.77188520438018,49.244521503942046,71.41095170105099,77
2025-11-03,SKU042,Home Decor,137,1,145.33207778741297,134.8459925258528,149.19608854916274,126
2025-11-10,SKU042,Home Decor,137,1,150.1029768693743,134.70345967782936,161.19758098000327,126
2025-11-17,SKU042,Home Decor,133,1,151.64688107065342,131.2945966257976,167.23697793172906,151
2025-11-24,SKU042,Home Decor,120,1,145.63376574862568,126.68261249252713,155.18226345744287,134
2025-12-01,SKU042,Home Decor,149,1,145.858789759681,125.29604736790361,156.23575019232644,134
2025-12-08,SKU042,Home Decor,153,1,151.1859347010068,131.27191220762512,175.98935695904893,164
2025-12-15,SKU042,Home Decor,128,1,142.79630262564794,126.18796192998809,163.79850839230645,131
2025-12-22,SKU042,Home Decor,169,1,139.74791455466814,124.96498653021386,152.9155474051561,123
2025-11-03,SKU043,Kitchen,149,1,129.15044371062848,117.79762111530565,143.79323545544332,142
2025-11-10,SKU043,Kitchen,145,1,130.3717823935806,128.76480641083262,145.8675200479507,120
2025-11-17,SKU043,Kitchen,140,1,136.67757713604823,125.5883899636216,146.295171699212,139
2025-11-24,SKU043,Kitchen,143,1,138.29911197819118,120.4206325771313,148.45248209927897,145
2025-12-01,SKU043,Kitchen,124,1,131.17483918774528,117.25981240389933,143.27099789105338,128
2025-12-08,SKU043,Kitchen,122,1,136.48871810566,121.80164038153909,159.3028764647595,148
2025-12-15,SKU043,Kitchen,138,1,128.96618997639845,120.61778348434093,146.1778304390536,136
2025-12-22,SKU043,Kitchen,131,1,129.47115047079384,116.2228843676116,143.01503211779794,122
2025-11-03,SKU044,Lighting,59,1,51.77146113999291,45.518725983660204,63.79057978042499,62
2025-11-10,SKU044,Lighting,58,1,57.210253576836294,46.28610385064171,66.78420865352525,49
2025-11-17,SKU044,Lighting,55,1,51.40000129674932,45.60766327582981,61.809647958442206,51
2025-11-24,SKU044,Lighting,45,1,52.622258095090885,40.21492694567626,62.199546831581245,40
2025-12-01,SKU044,Lighting,55,1,54.41270927735639,42.59025252856125,64.17710711319687,57
2025-12-08,SKU044,Lighting,51,1,49.89618350875414,50.57152326232418,62.94177450765544,58
2025-12-15,SKU044,Lighting,62,1,53.8782496583177,48.65077279711789,62.22483820735101,51
2025-12-22,SKU044,Lighting,58,1,53.82749517531658,48.757289254501366,63.47721077116341,54
2025-11-03,SKU045,Storage,134,1,149.33382024029,134.34754259853517,159.9702068399139,143
2025-11-10,SKU045,Storage,167,1,148.57398297747827,133.49528940280388,164.2029585830775,138
2025-11-17,SKU045,Storage,141,1,157.29211792959669,147.44028171116594,175.8715725480714,173
2025-11-24,SKU045,Storage,158,1,156.13818381836208,140.52231939848883,172.59510106762352,166
2025-12-01,SKU045,Storage,164,1,152.18897986654687,138.71377860312543,167.94466492890032,154
2025-12-08,SKU045,Storage,168,1,153.81733065231356,134.15962404823804,176.18062942341285,156
2025-12-15,SKU045,Storage,152,1,147.50388712882688,131.0653689061558,169.97787180625113,143
2025-12-22,SKU045,Storage,125,1,152.97329465256948,130.3106202174821,177.79700370577635,164
2025-11-03,SKU046,Furniture,60,1,53.27809702496981,42.27936217250735,60.62137713093,57
2025-11-10,SKU046,Furniture,51,1,56.357545666310386,44.70927088116839,66.5951822860288,48
2025-11-17,SKU046,Furniture,63,1,67.22906195421166,47.81594119130076,77.19004728874452,77
2025-11-24,SKU046,Furniture,46,1,58.56238779561492,50.248636905772194,69.46151998948534,53
2025-12-01,SKU046,Furniture,53,1,61.19079059613705,45.50318405955066,68.63073153804699,49
2025-12-08,SKU046,Furniture,56,1,56.45622029600054,53.386117704659014,70.09395390682357,51
2025-12-15,SKU046,Furniture,67,1,60.20820591285163,46.018294120645976,64.60790778752816,63
2025-12-22,SKU046,Furniture,58,1,53.92906338566476,44.136420433295974,62.47897040215345,59
2025-11-03,SKU047,Home Decor,93,1,97.57497869111664,78.8266320813334,109.93910763431046,93
2025-11-10,SKU047,Home Decor,99,1,90.8324828052794,70.22856526660945,99.9706880873361,88
2025-11-17,SKU047,Home Decor,100,1,89.59972894009566,74.47753190680488,100.86367091595118,83
2025-11-24,SKU047,Home Decor,86,1,90.36511382763115,75.99388730753796,97.29243489792371,90
2025-12-01,SKU047,Home Decor,87,1,86.4301259082313,70.0584239794889,95.1911305816559,76
2025-12-08,SKU047,Home Decor,110,1,87.868301083202,76.9717997763452,94.1668729039657,77
2025-12-15,SKU047,Home Decor,91,1,90.09365118659105,74.59839768213611,94.867046945586,91
2025-12-22,SKU047,Home Decor,91,1,84.32456966085556,71.45117566810006,90.93551068027146,85
2025-11-03,SKU048,Kitchen,66,1,49.304080908252736,41.122575642140475,59.54381789412906,58
2025-11-10,SKU048,Kitchen,59,1,48.799880571225636,40.44203501425587,58.63737900978258,50
2025-11-17,SKU048,Kitchen,48,1,50.06457376913656,42.382229376005434,65.32498000698705,51
2025-11-24,SKU048,Kitchen,62,1,48.3708910173868,41.95102314532469,58.56744005480312,62
2025-12-01,SKU048,Kitchen,37,1,48.879063381473294,41.4791692047598,55.9146042638985,51
2025-12-08,SKU048,Kitchen,57,1,51.54193570253785,42.34463607941208,64.3738542598467,53
2025-12-15,SKU048,Kitchen,59,1,56.088692810521856,47.53882859444498,67.01008561097639,58
2025-12-22,SKU048,Kitchen,53,1,46.825270897930174,35.14586568918635,60.069933936336646,37
2025-11-03,SKU049,Lighting,152,1,150.5431875449907,138.46693095335849,158.36506434269177,144
2025-11-10,SKU049,Lighting,149,1,147.73606699857498,138.15506255969004,165.00337796663698,153
2025-11-17,SKU049,Lighting,163,1,157.31639826001532,136.20811031692307,171.57205692323174,147
2025-11-24,SKU049,Lighting,134,1,155.09606947615157,136.86330624926947,168.16492740358046,129
2025-12-01,SKU049,Lighting,174,1,153.41784147191424,134.7056466885661,165.78445173281074,144
2025-12-08,SKU049,Lighting,162,1,161.01900329840458,142.07610203885517,176.13726247424438,154
2025-12-15,SKU049,Lighting,160,1,151.9127703877311,133.7503817643588,175.30838447859065,152
2025-12-22,SKU049,Lighting,152,1,153.70026972628096,131.9890291548173,177.06303369277012,166
2025-11-03,SKU050,Storage,34,1,33.481997416282724,28.817018556412947,39.870628648578645,39
2025-11-10,SKU050,Storage,51,1,40.59801170001837,32.870023234549464,43.86042436634724,52
2025-11-17,SKU050,Storage,39,1,38.588071109973406,29.17335760334115,44.37025428699215,50
2025-11-24,SKU050,Storage,36,1,35.00475378486294,30.927692759448863,39.83734191881173,37
2025-12-01,SKU050,Storage,32,1,36.82650027860467,30.195646501326806,41.70002290974841,39
2025-12-08,SKU050,Storage,44,1,35.17233744066063,30.575639527884853,44.51626595832952,33
2025-12-15,SKU050,Storage,29,1,36.42188323594718,30.696926622800763,45.69934615504414,33
2025-12-22,SKU050,Storage,35,1,34.78952155399216,27.82485565671925,44.64590542664475,39
2025-09-08,SKU001,Furniture,92,2,92.86051605711927,82.50231026154665,106.88415910174736,94
2025-09-15,SKU001,Furniture,89,2,93.92840969436193,82.94159910912612,107.19342568557217,91
2025-09-22,SKU001,Furniture,85,2,96.03001560676555,91.23415840265146,110.58342514662732,103
2025-09-29,SKU001,Furniture,84,2,91.645460916091,89.378284571762,108.97660079109224,110
2025-10-06,SKU001,Furniture,86,2,83.48043306169862,71.2097175390784,100.71024406826761,60
2025-10-13,SKU001,Furniture,79,2,86.49570482647277,68.0918418544933,98.17031870494432,93
2025-10-20,SKU001,Furniture,88,2,83.3449019004957,71.10795127529396,92.21381910093884,88
2025-10-27,SKU001,Furniture,77,2,83.26834918914696,68.81644354189858,94.31925583418396,88
2025-09-08,SKU002,Home Decor,61,2,62.19883897565941,46.9170030099849,77.46229298203896,61
2025-09-15,SKU002,Home Decor,76,2,59.4342916120667,43.96164078651387,68.44249711998778,58
2025-09-22,SKU002,Home Decor,69,2,61.71198063369089,50.253930523283564,72.11065377646707,55
2025-09-29,SKU002,Home Decor,63,2,62.733027610617164,53.89374103697512,73.89457207140876,64
2025-10-06,SKU002,Home Decor,60,2,57.63857019892771,52.07342734781486,68.04496104074907,54
2025-10-13,SKU002,Home Decor,59,2,61.782968417983724,45.517114946329464,68.59223301869562,66
2025-10-20,SKU002,Home Decor,61,2,63.381113671682314,43.97936312256541,71.32499857929221,68
2025-10-27,SKU002,Home Decor,47,2,59.45874121653825,52.214154544790155,69.39562936619744,48
2025-09-08,SKU003,Kitchen,31,2,35.65903994627856,30.031765071395405,44.07459095973711,38
2025-09-15,SKU003,Kitchen,46,2,34.34240329044474,29.71937016169417,41.8198066808912,32
2025-09-22,SKU003,Kitchen,36,2,34.517239761506794,30.465929850983432,42.342479415731965,34
2025-09-29,SKU003,Kitchen,46,2,32.09651101388293,30.523338680859045,40.57960234767428,35
2025-10-06,SKU003,Kitchen,42,2,32.22281677894276,28.795290477732795,39.08117538146964,32
2025-10-13,SKU003,Kitchen,30,2,32.231320426391285,30.09079099311917,38.90496809215634,33
2025-10-20,SKU003,Kitchen,27,2,30.558602729652236,28.176271901420503,38.001888005833074,31
2025-10-27,SKU003,Kitchen,38,2,31.461399294826876,28.276656677523327,37.03142816940249,31
2025-09-08,SKU004,Lighting,32,2,28.911245651839945,23.578933594023564,34.848850310471796,30
2025-09-15,SKU004,Lighting,31,2,25.72496952475685,23.089928764841904,33.07226659979412,34
2025-09-22,SKU004,Lighting,27,2,27.41976760422324,23.493307037548966,33.75288680511928,31
2025-09-29,SKU004,Lighting,32,2,27.36901334148077,22.369319468939064,35.1485848672343,27
2025-10-06,SKU004,Lighting,17,2,24.657836002188777,22.88149579606765,32.74797846056076,25
2025-10-13,SKU004,Lighting,29,2,28.414911220073254,21.684011168862813,31.76480121828811,28
2025-10-20,SKU004,Lighting,26,2,26.522932037253263,24.399011660069622,32.051760481195494,31
2025-10-27,SKU004,Lighting,24,2,28.659757414574297,23.716688258090453,32.03723178397666,26
2025-09-08,SKU005,Storage,94,2,102.57504020155365,90.78009417413577,110.13684203270023,120
2025-09-15,SKU005,Storage,97,2,99.88226595326341,90.94779563790235,110.05983156557338,99
2025-09-22,SKU005,Storage,86,2,95.61926597082902,94.04474503326026,109.63441055019862,99
2025-09-29,SKU005,Storage,110,2,98.86678892468782,87.54425045227387,112.86205978606834,102
2025-10-06,SKU005,Storage,97,2,87.19971636781324,80.08897385912927,107.60285746961834,91
2025-10-13,SKU005,Storage,113,2,87.23276672517508,78.10446090782882,104.26145982446491,94
2025-10-20,SKU005,Storage,96,2,84.7067551518285,72.8911978526723,97.70169160460736,87
2025-10-27,SKU005,Storage,103,2,86.6676310249045,73.88270221725297,100.47563656788103,95
2025-09-08,SKU006,Furniture,45,2,36.79594605555922,30.828037653600862,45.46726360488177,36
2025-09-15,SKU006,Furniture,39,2,35.86112453484959,31.378592744322457,44.83766180993911,38
2025-09-22,SKU006,Furniture,45,2,34.527926916121814,30.945263627228933,42.466817188624425,44
2025-09-29,SKU006,Furniture,49,2,35.38811061774167,29.451707017172772,44.58372454744868,36
2025-10-06,SKU006,Furniture,44,2,34.73751178756534,32.630808192291006,46.25828455726674,48
2025-10-13,SKU006,Furniture,32,2,35.023612008726836,29.678450978257608,44.79511834574881,38
2025-10-20,SKU006,Furniture,32,2,33.09026262504276,29.07111956111378,44.26379443542488,37
2025-10-27,SKU006,Furniture,33,2,33.231891535945884,29.6611284469783,42.26701931630533,28
2025-09-08,SKU007,Home Decor,154,2,156.8475266785227,146.83241148183254,168.98325855412202,155
2025-09-15,SKU007,Home Decor,149,2,155.47187408099384,147.089837161443,169.06275221812209,174
2025-09-22,SKU007,Home Decor,166,2,152.89523289538374,135.51288758851504,166.14031004303183,165
2025-09-29,SKU007,Home Decor,168,2,154.15206558420704,139.03416035015738,165.22850665358683,158
2025-10-06,SKU007,Home Decor,127,2,128.82915878216434,127.76287815840733,158.45696368795285,125
2025-10-13,SKU007,Home Decor,154,2,134.52890442757953,125.38237991006373,159.35285649650342,126
2025-10-20,SKU007,Home Decor,152,2,131.65015644373656,127.99143217039563,150.71570947982798,124
2025-10-27,SKU007,Home Decor,134,2,136.6257655414429,126.26223755155257,154.61657985108113,125
2025-09-08,SKU008,Kitchen,91,2,98.20543052278552,96.30859407111039,108.94969850952445,113
2025-09-15,SKU008,Kitchen,90,2,95.8418432215436,87.38060603303751,109.33728325801651,92
2025-09-22,SKU008,Kitchen,95,2,93.70263583353946,90.12322132792652,106.9312684202358,110
2025-09-29,SKU008,Kitchen,88,2,91.39029040342342,88.88506038794672,107.30365033317842,104
2025-10-06,SKU008,Kitchen,95,2,86.42436463606472,79.32129486941939,102.95239577906626,82
2025-10-13,SKU008,Kitchen,101,2,95.2506482735603,80.18407685300942,105.28242355117904,76
2025-10-20,SKU008,Kitchen,105,2,92.25306311894715,80.28956196800823,102.55345800731271,79
2025-10-27,SKU008,Kitchen,84,2,88.01867194563482,74.97632020974753,104.00990293822292,96
2025-09-08,SKU009,Lighting,71,2,67.68814158261509,58.79885651693783,78.08223834981308,56
2025-09-15,SKU009,Lighting,87,2,66.6405844258172,54.22134858279073,81.40505171231794,60
2025-09-22,SKU009,Lighting,74,2,63.82208767322314,55.0966498212844,70.61280330655553,56
2025-09-29,SKU009,Lighting,70,2,64.61195305555756,48.637534194537885,72.04521921120917,65
2025-10-06,SKU009,Lighting,51,2,55.4963500922254,47.11662027540279,71.35133917788008,44
2025-10-13,SKU009,Lighting,61,2,66.557824531963,43.76688303579999,69.38125639388304,70
2025-10-20,SKU009,Lighting,57,2,58.00212041226295,45.80858504931557,63.49040745501446,53
2025-10-27,SKU009,Lighting,53,2,57.63706039296546,45.38189552595788,65.82885795453537,59
2025-09-08,SKU010,Storage,107,2,103.93556229013492,91.74372962046715,116.80117774888497,89
2025-09-15,SKU010,Storage,91,2,109.34165372999564,98.0563786199488,129.22248702480664,124
2025-09-22,SKU010,Storage,108,2,110.81082076727938,98.70781954780571,123.14489285033893,111
2025-09-29,SKU010,Storage,100,2,100.01193670348884,97.33833625550024,120.5884062027649,129
2025-10-06,SKU010,Storage,87,2,92.06638490671145,76.10374348539935,105.5796383801894,119
2025-10-13,SKU010,Storage,75,2,86.74776727044991,76.54871892831298,105.04349480971017,74
2025-10-20,SKU010,Storage,98,2,88.99292381323184,81.43612469158215,103.51822672309062,77
2025-10-27,SKU010,Storage,89,2,96.40244173590986,78.37425029130053,105.90656907176141,96
2025-09-08,SKU011,Furniture,17,2,18.099154152761944,12.483975172779413,24.445105189787125,14
2025-09-15,SKU011,Furniture,15,2,19.547739045846328,12.697820826611729,26.27966464123246,22
2025-09-22,SKU011,Furniture,18,2,16.956152735980282,12.549740584928484,24.37370000665856,13
2025-09-29,SKU011,Furniture,12,2,17.26894108126463,11.097868930217041,24.516305365811483,19
2025-10-06,SKU011,Furniture,27,2,14.022754309607475,10.943567922554063,24.190545706346725,14
2025-10-13,SKU011,Furniture,14,2,16.835830022558728,11.916418674011288,24.423501767249427,12
2025-10-20,SKU011,Furniture,11,2,17.159818396214995,11.418361427213963,26.685597368817128,13
2025-10-27,SKU011,Furniture,21,2,15.704256214714547,12.413610468037675,24.25919834569913,13
2025-09-08,SKU012,Home Decor,179,2,157.47577143763726,145.70501509961545,162.56742552939525,159
2025-09-15,SKU012,Home Decor,168,2,155.76035606559668,141.0197602664664,167.04608175073227,157
2025-09-22,SKU012,Home Decor,167,2,154.64070235376386,135.28664807203867,168.13460299023,167
2025-09-29,SKU012,Home Decor,146,2,149.0906558982873,133.5174109620404,167.22021455347326,169
2025-10-06,SKU012,Home Decor,144,2,141.35565526339298,129.04516785928888,154.8422930254807,140
2025-10-13,SKU012,Home Decor,140,2,142.40745007988977,131.70633113032974,151.98247092973585,147
2025-10-20,SKU012,Home Decor,130,2,142.1179602814713,134.2140258120393,156.30757056660468,146
2025-10-27,SKU012,Home Decor,141,2,148.13908127610506,133.15862047254242,163.44045582180846,142
2025-09-08,SKU013,Kitchen,98,2,87.0114618228491,78.76207041011362,106.41613720635115,97
2025-09-15,SKU013,Kitchen,102,2,86.71228888079676,81.3466816533563,102.0064448969878,99
2025-09-22,SKU013,Kitchen,85,2,84.69464955090535,75.4496726578846,100.61712292398758,86
2025-09-29,SKU013,Kitchen,88,2,80.15700176595948,71.7726663948295,96.85470621670835,97
2025-10-06,SKU013,Kitchen,94,2,75.95607426966669,61.994934826286325,87.94935634442436,68
2025-10-13,SKU013,Kitchen,79,2,78.45863462188024,71.9805454174486,90.77665295936191,78
2025-10-20,SKU013,Kitchen,61,2,78.84454206017585,74.23589176052909,85.85959660906859,74
2025-10-27,SKU013,Kitchen,68,2,83.82601844384175,71.85547209175922,98.54783378739162,71
2025-09-08,SKU014,Lighting,137,2,128.4333790051863,117.52262906275499,145.4674342472638,141
2025-09-15,SKU014,Lighting,144,2,132.94387791493313,124.89313566031927,143.89123619797851,148
2025-09-22,SKU014,Lighting,140,2,125.39593713295007,117.70477928927339,143.3870820941119,138
2025-09-29,SKU014,Lighting,134,2,122.56330298372458,116.8816183266245,135.7961180064386,142
2025-10-06,SKU014,Lighting,121,2,119.39496677823476,106.86459152362725,127.85029597468235,110
2025-10-13,SKU014,Lighting,130,2,113.26926335529299,106.33926246578673,123.3044376546843,121
2025-10-20,SKU014,Lighting,116,2,117.52589653232776,105.3107439153375,124.43651171842882,119
2025-10-27,SKU014,Lighting,135,2,121.29184484693616,112.53310845690625,138.43796216958705,130
2025-09-08,SKU015,Storage,30,2,25.411543616635864,21.031258081913244,31.474168532316465,25
2025-09-15,SKU015,Storage,21,2,25.75641401082863,20.41831643040202,30.450051489216527,22
2025-09-22,SKU015,Storage,24,2,26.261681195815424,20.361910819221237,31.45496658719969,19
2025-09-29,SKU015,Storage,27,2,25.535645512322006,18.717925890679236,32.96086299433597,26
2025-10-06,SKU015,Storage,20,2,23.719615108687652,20.503658289980635,31.70575626885081,34
2025-10-13,SKU015,Storage,16,2,23.184631714889864,18.854810921117817,29.784259567602472,25
2025-10-20,SKU015,Storage,23,2,23.969339712206413,18.93159655563895,30.46342496042858,26
2025-10-27,SKU015,Storage,17,2,24.311274676776648,20.49093435380905,30.66282912423693,19
2025-09-08,SKU016,Furniture,73,2,88.20088719523184,81.35324947245013,100.42475546908884,96
2025-09-15,SKU016,Furniture,77,2,88.88023091438453,79.38066118755543,100.28279911966716,77
2025-09-22,SKU016,Furniture,76,2,87.78474031264409,78.16702793972593,103.81239109453502,87
2025-09-29,SKU016,Furniture,78,2,87.16812459528376,74.6768330134413,104.93983443078673,85
2025-10-06,SKU016,Furniture,71,2,83.88891704814179,69.74984164713977,107.89408193204326,79
2025-10-13,SKU016,Furniture,84,2,86.4871266204612,69.73282010997713,94.13831906993963,80
2025-10-20,SKU016,Furniture,91,2,79.98691065882386,65.94039556664825,85.62227530567348,89
2025-10-27,SKU016,Furniture,64,2,81.19755165193374,67.21215652920954,89.05759519024313,84
2025-09-08,SKU017,Home Decor,67,2,90.75273957150887,81.21639123010782,105.69220049193476,95
2025-09-15,SKU017,Home Decor,77,2,86.14520796416497,75.92141021270776,100.88792984269774,83
2025-09-22,SKU017,Home Decor,85,2,87.12910903981177,73.02138122455466,100.04021280520021,91
2025-09-29,SKU017,Home Decor,93,2,80.90379277377838,68.02935612816508,92.82801636420292,97
2025-10-06,SKU017,Home Decor,69,2,76.6075700112697,62.73461159861567,90.60568267254226,60
2025-10-13,SKU017,Home Decor,78,2,74.66817105256939,64.95091915604237,87.55717390629547,75
2025-10-20,SKU017,Home Decor,82,2,74.686765230384,64.44936014929392,86.53498029437212,99
2025-10-27,SKU017,Home Decor,71,2,69.28497957733774,64.780686931815,85.04600652842535,77
2025-09-08,SKU018,Kitchen,143,2,156.31714663482413,141.2135372777922,160.14654700347955,155
2025-09-15,SKU018,Kitchen,156,2,152.0508460611548,134.47672019312913,156.43655022110366,161
2025-09-22,SKU018,Kitchen,147,2,151.14558133733385,137.1497823806605,158.4809569836442,160
2025-09-29,SKU018,Kitchen,144,2,150.03612137448363,134.61545630342619,162.0438112181365,169
2025-10-06,SKU018,Kitchen,136,2,138.1152556342228,129.5255480629589,151.51127339127763,138
2025-10-13,SKU018,Kitchen,162,2,133.44048195766203,126.26598201163195,152.71644897377004,148
2025-10-20,SKU018,Kitchen,141,2,136.45013901235725,124.97382104629447,149.67990076769397,143
2025-10-27,SKU018,Kitchen,133,2,144.865639433022,130.35883331165624,155.49744297781717,164
2025-09-08,SKU019,Lighting,104,2,98.60368815301604,86.01541172438188,110.67248240672458,100
2025-09-15,SKU019,Lighting,78,2,96.00240674626454,91.59949546460983,111.22120181394233,101
2025-09-22,SKU019,Lighting,100,2,92.13000414793586,80.0406199216257,107.38034697979923,85
2025-09-29,SKU019,Lighting,106,2,85.07829597097393,79.05339661010956,101.90437221237555,93
2025-10-06,SKU019,Lighting,81,2,86.24237775318431,77.81263705368943,99.30196449322094,88
2025-10-13,SKU019,Lighting,89,2,87.19678451360832,75.73105696986511,99.47438063875367,85
2025-10-20,SKU019,Lighting,97,2,85.17087276540403,80.25925408421539,104.1910287579745,88
2025-10-27,SKU019,Lighting,82,2,92.09823707007266,74.53096529484725,101.65221550933045,83
2025-09-08,SKU020,Storage,93,2,84.28583727927605,75.86351113832639,98.4438944876058,85
2025-09-15,SKU020,Storage,89,2,87.22332999623512,75.66967615418224,100.50133156699987,71
2025-09-22,SKU020,Storage,84,2,83.70610524362087,71.74761603942555,96.83570429598274,78
2025-09-29,SKU020,Storage,86,2,80.0517791499376,68.01672367216476,87.69723781819575,83
2025-10-06,SKU020,Storage,76,2,76.76783217095615,70.65096161399366,89.34927213463543,77
2025-10-13,SKU020,Storage,105,2,77.29988554573819,65.31999245006372,81.91663414478519,91
2025-10-20,SKU020,Storage,71,2,77.97491104172181,76.25003967469192,83.85978176590704,80
2025-10-27,SKU020,Storage,98,2,77.33670612654018,70.98629695204198,85.45182462115383,86
2025-09-08,SKU021,Furniture,47,2,57.56371289659163,44.69283593572705,63.43652443574154,50
2025-09-15,SKU021,Furniture,59,2,58.453717655878734,45.57097718739754,63.443967976205656,51
2025-09-22,SKU021,Furniture,52,2,57.09061328051332,45.27430088320881,62.9251942707837,53
2025-09-29,SKU021,Furniture,54,2,55.30981809662093,43.06577499987158,65.84475988279799,62
2025-10-06,SKU021,Furniture,40,2,46.088803298390495,39.77578049168727,60.20790625412472,49
2025-10-13,SKU021,Furniture,49,2,47.37981171574281,39.40251288344828,59.90812929451666,36
2025-10-20,SKU021,Furniture,60,2,48.31021234823892,41.94297806470084,57.664960380598714,48
2025-10-27,SKU021,Furniture,42,2,46.347692863167296,34.651135199602216,56.635727812188755,54
2025-09-08,SKU022,Home Decor,58,2,64.91367110562615,49.29539083587241,77.64182707556927,64
2025-09-15,SKU022,Home Decor,64,2,63.36656179854801,51.347092409244794,81.97567068555261,58
2025-09-22,SKU022,Home Decor,60,2,67.40495539281699,52.43709404943977,74.57045213052285,75
2025-09-29,SKU022,Home Decor,62,2,61.46133178306721,45.49881324787086,70.62834482604485,65
2025-10-06,SKU022,Home Decor,45,2,55.93633301318709,44.23858254401442,66.68225935992865,55
2025-10-13,SKU022,Home Decor,62,2,57.984241298965436,44.05897904230994,64.09356798109177,58
2025-10-20,SKU022,Home Decor,58,2,54.35708380235953,45.37612414415259,65.4131100612604,45
2025-10-27,SKU022,Home Decor,50,2,52.73582996318566,44.6513671267463,64.8044917568171,51
2025-09-08,SKU023,Kitchen,69,2,89.81940294068602,83.89160041144234,105.62082509447418,88
2025-09-15,SKU023,Kitchen,64,2,89.40421946500462,76.27637884387009,107.02768021696664,89
2025-09-22,SKU023,Kitchen,109,2,89.15455609173884,79.94745255426675,106.82105704166506,85
2025-09-29,SKU023,Kitchen,100,2,85.40865132056652,78.50872513494083,104.39811754126063,85
2025-10-06,SKU023,Kitchen,84,2,82.67055777120825,73.07763255439849,103.32686779553512,74
2025-10-13,SKU023,Kitchen,75,2,85.2392381391669,76.47927462956962,101.99704324049355,69
2025-10-20,SKU023,Kitchen,79,2,83.13321140421343,74.11894150183744,101.06779891924815,79
2025-10-27,SKU023,Kitchen,86,2,84.61078918402166,71.73488113202993,99.13276378942129,83
2025-09-08,SKU024,Lighting,101,2,82.93329065728304,74.63998125052007,95.67635492244364,82
2025-09-15,SKU024,Lighting,82,2,81.38966421259656,65.73680109669233,81.22691051907165,83
2025-09-22,SKU024,Lighting,78,2,75.51541452398482,60.865793544950435,86.20068435502634,87
2025-09-29,SKU024,Lighting,82,2,77.07797252878004,66.18692356564394,84.94774169096459,79
2025-10-06,SKU024,Lighting,70,2,64.97546529522316,61.983705225137335,82.16969874731375,78
2025-10-13,SKU024,Lighting,68,2,72.19755676497945,60.83631646986524,83.55714650291645,65
2025-10-20,SKU024,Lighting,74,2,71.77240341506965,58.07200584608905,83.12413356992049,73
2025-10-27,SKU024,Lighting,82,2,71.43064886767021,59.94194544308182,85.05650655280111,66
2025-09-08,SKU025,Storage,14,2,19.959903285716138,14.21653661403296,25.74360575233926,21
2025-09-15,SKU025,Storage,18,2,19.223569555673176,15.111530218689195,24.324680364215563,13
2025-09-22,SKU025,Storage,14,2,20.206049236257655,16.496220205433335,24.316869706351884,14
2025-09-29,SKU025,Storage,22,2,20.40282070397142,15.774530602062578,25.427194092906756,13
2025-10-06,SKU025,Storage,11,2,18.863799610054595,13.659413641816803,24.61237526088787,17
2025-10-13,SKU025,Storage,14,2,19.250021574590136,14.252526220430218,24.358720586029076,21
2025-10-20,SKU025,Storage,19,2,17.800867717302804,12.227341967296894,24.358720586029076,21
2025-10-27,SKU025,Storage,16,2,15.786537876817755,12.986752854890316,24.19173236230219,18
2025-09-08,SKU026,Furniture,147,2,140.39230127727657,125.94933269102005,155.15472842238304,145
2025-09-15,SKU026,Furniture,128,2,140.82071625584595,128.5865500287241,149.76273809771666,144
2025-09-22,SKU026,Furniture,131,2,142.87211718708605,130.7088362312643,149.1229263178647,120
2025-09-29,SKU026,Furniture,144,2,142.18613760478055,131.446249852311,158.06608014881002,133
2025-10-06,SKU026,Furniture,108,2,138.2815920959596,121.77255895249866,157.54814217423518,132
2025-10-13,SKU026,Furniture,142,2,132.02704249627047,122.56437136275707,151.8223143848635,143
2025-10-20,SKU026,Furniture,139,2,129.15037131624203,110.93166955586477,132.80550848649082,139
2025-10-27,SKU026,Furniture,122,2,127.418984583965,108.3130971029966,136.13794453843494,134
2025-09-08,SKU027,Home Decor,161,2,140.74870765223764,136.70791340112405,160.56555043078225,128
2025-09-15,SKU027,Home Decor,161,2,143.2729639824463,134.0255999709558,157.8368150712905,131
2025-09-22,SKU027,Home Decor,146,2,145.26412816614632,128.73943883116766,160.41820489340915,147
2025-09-29,SKU027,Home Decor,151,2,148.71265520422364,132.16902101284634,157.8512508084596,156
2025-10-06,SKU027,Home Decor,159,2,124.27153346428204,113.49676274158195,139.72613078657616,121
2025-10-13,SKU027,Home Decor,139,2,121.10693553919025,113.66240817855895,141.99780908895494,135
2025-10-20,SKU027,Home Decor,122,2,127.63968185955673,112.76724939437067,139.39981095145703,117
2025-10-27,SKU027,Home Decor,135,2,130.95904952115552,118.55383309058921,138.5073843190329,142
2025-09-08,SKU028,Kitchen,34,2,33.59867185235502,29.723333312668295,42.89453525198213,37
2025-09-15,SKU028,Kitchen,34,2,34.52741053820731,30.949496301456463,45.016363829158145,35
2025-09-22,SKU028,Kitchen,34,2,33.39897731398012,28.007859735110447,42.836813075202095,38
2025-09-29,SKU028,Kitchen,30,2,33.20072146270604,29.06686695917247,41.70510447892284,28
2025-10-06,SKU028,Kitchen,17,2,31.975459795345706,29.57160844649827,40.44586481624041,34
2025-10-13,SKU028,Kitchen,34,2,32.6302118360124,29.22898766438174,39.04675402080002,29
2025-10-20,SKU028,Kitchen,33,2,32.19768895376579,29.259904792813114,38.41081247460186,32
2025-10-27,SKU028,Kitchen,26,2,33.622353932024474,28.357546793341026,39.48929045018771,28
2025-09-08,SKU029,Lighting,93,2,95.89494186078255,93.2212131392058,107.62221287394769,110
2025-09-15,SKU029,Lighting,88,2,92.29444663616641,86.72631062067921,106.75859760742993,103
2025-09-22,SKU029,Lighting,99,2,95.27383854794323,79.53106575755363,107.31444089390556,93
2025-09-29,SKU029,Lighting,90,2,89.23216312272282,81.5521212609088,105.48631795371557,89
2025-10-06,SKU029,Lighting,79,2,86.61038948195821,76.8903934448763,99.69129357610349,106
2025-10-13,SKU029,Lighting,90,2,85.73801190196568,76.75108055968461,97.93284691906747,93
2025-10-20,SKU029,Lighting,87,2,92.13057328444594,80.86994898801284,97.9699007716891,88
2025-10-27,SKU029,Lighting,97,2,95.52137492825534,80.00688650870981,108.05902119869683,93
2025-09-08,SKU030,Storage,29,2,34.42942841792948,28.46960245669892,38.94432344824875,32
2025-09-15,SKU030,Storage,35,2,32.90524943720151,29.15639286692616,37.95073245129332,27
2025-09-22,SKU030,Storage,32,2,32.78280650278895,29.223446423775073,38.49451799250725,33
2025-09-29,SKU030,Storage,38,2,29.106715414184624,28.24148898233394,36.13248904849119,32
2025-10-06,SKU030,Storage,26,2,29.41366512578711,22.777981470815106,32.932171878639046,23
2025-10-13,SKU030,Storage,30,2,28.276489979901726,21.453884257753376,32.359485506110005,20
2025-10-20,SKU030,Storage,28,2,25.686821794083826,23.366891372697676,32.5587549144934,34
2025-10-27,SKU030,Storage,26,2,26.258702824260624,22.298224043632924,32.89567693982215,21
2025-09-08,SKU031,Furniture,122,2,107.13227267250542,97.45160281985926,119.78997855657163,121
2025-09-15,SKU031,Furniture,125,2,112.07233436911265,103.17831886523619,122.23969047578493,126
2025-09-22,SKU031,Furniture,110,2,114.28948332654393,102.30340585203524,129.44457767616564,120
2025-09-29,SKU031,Furniture,114,2,109.27491987422978,100.56254793263932,128.18415748555222,119
2025-10-06,SKU031,Furniture,114,2,107.99911504954886,97.49464859498849,121.87010925795386,105
2025-10-13,SKU031,Furniture,108,2,114.63628134984464,101.84454557085867,124.82833658432637,112
2025-10-20,SKU031,Furniture,118,2,117.12458897039073,101.72626883261405,118.36611886510453,110
2025-10-27,SKU031,Furniture,115,2,113.50848188004045,96.27626900270141,122.53454070607879,105
2025-09-08,SKU032,Home Decor,45,2,55.40744310385455,42.01600814282457,63.683543510722764,53
2025-09-15,SKU032,Home Decor,83,2,56.398317923729564,43.119193222533205,63.515728712944494,66
2025-09-22,SKU032,Home Decor,50,2,54.05385687609712,44.84123897122476,62.90617688364102,55
2025-09-29,SKU032,Home Decor,58,2,54.166932968972155,43.52634258827607,67.95979261953342,48
2025-10-06,SKU032,Home Decor,48,2,49.62720213008079,44.17644224855102,64.23617072824725,53
2025-10-13,SKU032,Home Decor,47,2,51.80521546628046,44.371764046232144,61.62617184978968,52
2025-10-20,SKU032,Home Decor,51,2,50.512799936289156,36.576261650286426,60.77747811751379,51
2025-10-27,SKU032,Home Decor,50,2,47.4313590156772,44.93724680254668,57.371568438396174,49
2025-09-08,SKU033,Kitchen,104,2,108.31814371304282,100.23894009870014,127.38484456170374,105
2025-09-15,SKU033,Kitchen,121,2,108.98414610533914,93.23293015731645,125.22801977553078,102
2025-09-22,SKU033,Kitchen,111,2,104.01237095148196,92.35732774565588,124.65404602309945,88
2025-09-29,SKU033,Kitchen,123,2,109.93849617413588,97.97701657604925,127.92041504816486,112
2025-10-06,SKU033,Kitchen,104,2,97.44389104485131,85.78479480722432,119.95178380903033,92
2025-10-13,SKU033,Kitchen,91,2,96.9345450835861,83.45500783862313,107.74640104163026,96
2025-10-20,SKU033,Kitchen,97,2,93.94413465368922,87.35969673360884,103.93759018954327,103
2025-10-27,SKU033,Kitchen,101,2,98.21345457154001,91.54200432402786,109.97582648551045,110
2025-09-08,SKU034,Lighting,148,2,116.50528102212343,112.98432820146182,143.22632696424805,108
2025-09-15,SKU034,Lighting,115,2,127.1068735998942,121.39307413392565,150.24395916442438,157
2025-09-22,SKU034,Lighting,109,2,126.0536064065586,122.91914041045078,148.39132354047925,153
2025-09-29,SKU034,Lighting,150,2,116.84783024655448,109.61037055741166,137.64546906103496,107
2025-10-06,SKU034,Lighting,98,2,110.80184158684038,101.95669779813612,128.27643033949755,115
2025-10-13,SKU034,Lighting,108,2,107.34187384549332,95.09687058565686,126.83372631335793,97
2025-10-20,SKU034,Lighting,107,2,116.06240448341624,97.74693855445757,128.48450447215907,125
2025-10-27,SKU034,Lighting,104,2,111.7885640429055,102.59201088878423,135.6844091123189,111
2025-09-08,SKU035,Storage,146,2,125.16352867060269,118.21041545353448,141.01949604649406,111
2025-09-15,SKU035,Storage,123,2,128.70936470247088,117.08786433185875,136.6893797677259,136
2025-09-22,SKU035,Storage,132,2,135.66526448521333,120.69708859845507,143.85605651914568,132
2025-09-29,SKU035,Storage,121,2,124.69827009374899,122.07057980890006,133.37731044934864,133
2025-10-06,SKU035,Storage,134,2,118.85138835818643,103.56156889648956,129.98574864276432,108
2025-10-13,SKU035,Storage,113,2,112.2952601025527,99.98759923745055,128.80288841348897,106
2025-10-20,SKU035,Storage,132,2,116.79180677611976,106.39187677952518,123.94115839696691,122
2025-10-27,SKU035,Storage,133,2,114.98539860547987,104.51852586525885,128.05222171483084,102
2025-09-08,SKU036,Furniture,26,2,30.846356009584568,26.102232021903603,40.02704201977773,29
2025-09-15,SKU036,Furniture,28,2,33.710381103966824,26.1397407261385,37.63408460387521,28
2025-09-22,SKU036,Furniture,35,2,29.742202779398134,25.439901650714422,37.756750525168755,29
2025-09-29,SKU036,Furniture,30,2,30.59635108492299,27.464809919784415,36.021469678538,33
2025-10-06,SKU036,Furniture,28,2,26.181255158323207,23.009318635292036,36.39316686161569,29
2025-10-13,SKU036,Furniture,19,2,25.113772622079082,22.610443167940304,32.78909768949752,36
2025-10-20,SKU036,Furniture,21,2,27.64661264481223,22.414005444410233,32.29517379530022,27
2025-10-27,SKU036,Furniture,33,2,27.178735558214893,22.958731833792687,33.68569997581099,20
2025-09-08,SKU037,Home Decor,140,2,164.4709548411853,141.8439223970746,176.1811848081382,161
2025-09-15,SKU037,Home Decor,148,2,160.9681151162289,152.50065052383357,175.20253133443074,144
2025-09-22,SKU037,Home Decor,175,2,155.62270483924004,141.00722103336403,169.8770374656675,161
2025-09-29,SKU037,Home Decor,153,2,149.5427127922436,131.78522875765384,163.97633040564634,145
2025-10-06,SKU037,Home Decor,138,2,133.87866787825507,120.05260797826493,150.49110484960264,135
2025-10-13,SKU037,Home Decor,129,2,125.34238542751449,118.07380342578816,142.76304951892166,132
2025-10-20,SKU037,Home Decor,149,2,134.106079702817,127.82296361442107,149.16406913217446,125
2025-10-27,SKU037,Home Decor,143,2,142.5145364053768,134.86216673852584,156.85683671588873,144
2025-09-08,SKU038,Kitchen,49,2,52.856335027092626,46.42912851529143,62.751456135353635,57
2025-09-15,SKU038,Kitchen,47,2,50.62535087477773,41.464523692005535,59.756753024700565,46
2025-09-22,SKU038,Kitchen,37,2,45.739359215564264,36.09567388004236,59.332830463012264,41
2025-09-29,SKU038,Kitchen,51,2,45.44489548080523,36.76469325925964,57.46355817106667,39
2025-10-06,SKU038,Kitchen,41,2,42.85430111638613,36.17764848714139,53.52321704058154,45
2025-10-13,SKU038,Kitchen,50,2,45.98137909668505,38.19908316864899,52.14347389977809,41
2025-10-20,SKU038,Kitchen,41,2,41.95767243540592,35.81964279423964,52.703877821273416,45
2025-10-27,SKU038,Kitchen,41,2,41.670279733915024,40.64562168604206,48.569005989434515,46
2025-09-08,SKU039,Lighting,15,2,23.743830363866984,18.409987510981335,30.599493748858688,26
2025-09-15,SKU039,Lighting,20,2,24.417119076323477,17.10659448300833,30.62767180960559,24
2025-09-22,SKU039,Lighting,22,2,26.52884609664273,19.304750148014843,31.45496658719969,20
2025-09-29,SKU039,Lighting,24,2,25.399624213840745,18.622499870170532,32.04529975613133,25
2025-10-06,SKU039,Lighting,23,2,23.400781223708535,19.844295580615917,31.047154920800136,15
2025-10-13,SKU039,Lighting,17,2,21.78451643072685,15.382747063345805,27.441808800412108,9
2025-10-20,SKU039,Lighting,17,2,21.909738120836487,14.73504286681634,26.375476606142,19
2025-10-27,SKU039,Lighting,19,2,18.89020021402672,13.127134231934395,24.632353168146793,18
2025-09-08,SKU040,Storage,106,2,99.71292788758234,87.55993961209602,108.11249503434358,91
2025-09-15,SKU040,Storage,109,2,94.90113657503352,86.87078521084585,107.29319796715407,106
2025-09-22,SKU040,Storage,104,2,86.21482502566295,78.26650331373793,102.28294595457469,90
2025-09-29,SKU040,Storage,84,2,84.45334151953506,78.19616279184949,100.72005682827667,88
2025-10-06,SKU040,Storage,80,2,86.36027332644323,76.43292232157043,99.14077797672648,94
2025-10-13,SKU040,Storage,85,2,83.77244675726988,72.27685314405056,99.7969215776359,88
2025-10-20,SKU040,Storage,75,2,85.90002464676246,79.50353899341032,102.08089216968627,94
2025-10-27,SKU040,Storage,98,2,87.21028726892948,78.50380989854237,101.34784563648353,99
2025-09-08,SKU041,Furniture,66,2,67.17568907307157,56.171649611822524,77.72927576051623,66
2025-09-15,SKU041,Furniture,64,2,69.25612880207757,52.76634525009267,85.80169479117677,66
2025-09-22,SKU041,Furniture,64,2,75.33198177778957,56.018459524726524,80.69574996730955,70
2025-09-29,SKU041,Furniture,62,2,65.45783049846494,52.67997367993416,74.67860156119505,58
2025-10-06,SKU041,Furniture,63,2,64.10593359262737,50.19105480359147,78.46421354909629,72
2025-10-13,SKU041,Furniture,63,2,67.12578251390627,53.712708410595155,80.48361509439097,78
2025-10-20,SKU041,Furniture,56,2,63.952859593056694,54.37304181163708,74.61540277299649,57
2025-10-27,SKU041,Furniture,52,2,67.43711409236468,53.07798859553075,77.53271199785078,71
2025-09-08,SKU042,Home Decor,144,2,147.79301747426814,132.6468959690014,157.2956736332089,152
2025-09-15,SKU042,Home Decor,155,2,140.0602561649818,126.72315971673997,158.27611693798562,124
2025-09-22,SKU042,Home Decor,154,2,143.90651381202304,127.73578059622923,155.90925999792253,141
2025-09-29,SKU042,Home Decor,133,2,143.8972720134082,128.38135161953966,155.8654659282774,134
2025-10-06,SKU042,Home Decor,131,2,133.997368546428,123.7638287213537,146.9430173496403,125
2025-10-13,SKU042,Home Decor,138,2,128.52644056672392,118.71324161705928,140.79546297934777,135
2025-10-20,SKU042,Home Decor,130,2,134.9148356231045,120.37664048865824,147.63922297363973,115
2025-10-27,SKU042,Home Decor,122,2,130.62204475908194,121.83035653053285,149.15312633132507,124
2025-09-08,SKU043,Kitchen,127,2,144.7212231751813,128.67674316892237,156.43215982851913,140
2025-09-15,SKU043,Kitchen,146,2,142.3132372004948,126.52725561156021,154.67634406145172,135
2025-09-22,SKU043,Kitchen,140,2,137.55932328836852,126.08084007948572,149.23137064168995,130
2025-09-29,SKU043,Kitchen,121,2,133.3256580976119,124.4726093662401,144.08655076706106,141
2025-10-06,SKU043,Kitchen,115,2,126.91928520029231,121.15868877216708,141.87879206056925,129
2025-10-13,SKU043,Kitchen,134,2,121.5373128230313,120.00805177198242,133.18138213601597,112
2025-10-20,SKU043,Kitchen,120,2,126.75900824622121,116.53680627684602,137.8765888236192,127
2025-10-27,SKU043,Kitchen,116,2,127.82912839291099,114.59164069217776,137.86131783954752,122
2025-09-08,SKU044,Lighting,57,2,60.6844229044613,45.764083301355605,72.73423056329936,64
2025-09-15,SKU044,Lighting,61,2,59.799247369730885,50.504632681752824,68.931049174264,59
2025-09-22,SKU044,Lighting,47,2,58.911504242655816,49.9583523197733,66.6670425365224,57
2025-09-29,SKU044,Lighting,64,2,60.15465339428855,49.301950037955486,68.81903287372398,68
2025-10-06,SKU044,Lighting,55,2,52.77241903895589,45.17079829373935,65.0438263716022,46
2025-10-13,SKU044,Lighting,47,2,56.691001106107,41.49222774447985,63.08045750669658,64
2025-10-20,SKU044,Lighting,54,2,57.24713198131749,45.08874665753535,63.840161657465856,58
2025-10-27,SKU044,Lighting,54,2,54.19990571858195,45.22098151465877,64.00968438643028,57
2025-09-08,SKU045,Storage,162,2,152.62241468663777,140.66082844818493,165.62882726643133,160
2025-09-15,SKU045,Storage,169,2,152.83634980894118,140.70591504541986,162.35715031123712,154
2025-09-22,SKU045,Storage,145,2,155.89364951538946,139.21733174335165,160.9964642621383,157
2025-09-29,SKU045,Storage,164,2,153.7371394672892,141.9201343995141,165.30714428790236,175
2025-10-06,SKU045,Storage,143,2,137.7836625894823,125.08166754499163,152.1517864362918,132
2025-10-13,SKU045,Storage,127,2,136.03891456522,122.22970940064711,146.76563180876053,134
2025-10-20,SKU045,Storage,121,2,132.81125363941226,122.47724000798274,140.66719838590888,150
2025-10-27,SKU045,Storage,142,2,135.58392813023184,132.23063160578576,163.09790673203662,171
2025-09-08,SKU046,Furniture,53,2,58.949451136205,47.175099306598035,70.28946219321658,58
2025-09-15,SKU046,Furniture,60,2,61.42184552329561,51.26608521978905,67.57558562910279,58
2025-09-22,SKU046,Furniture,64,2,59.62373967195673,54.76558589058564,67.62820478658709,56
2025-09-29,SKU046,Furniture,67,2,59.4500177043385,50.45801493564291,67.98579207783679,54
2025-10-06,SKU046,Furniture,57,2,55.95050497403591,43.601222810191494,65.75606657571767,55
2025-10-13,SKU046,Furniture,51,2,55.97994810258588,40.867943989496055,66.50484599917127,59
2025-10-20,SKU046,Furniture,41,2,49.161265495606116,40.778698997527094,63.32283757174029,43
2025-10-27,SKU046,Furniture,51,2,51.8688545521799,40.902869812506104,61.90208189499728,42
2025-09-08,SKU047,Home Decor,101,2,94.15972221961528,83.50339163825907,105.48267877895724,86
2025-09-15,SKU047,Home Decor,73,2,89.8561476045042,76.93763047419021,106.99571012147094,75
2025-09-22,SKU047,Home Decor,93,2,93.43497355276781,87.2753928046241,107.7130068612342,105
2025-09-29,SKU047,Home Decor,91,2,91.9459197024135,87.95151606535111,110.76214795979132,107
2025-10-06,SKU047,Home Decor,77,2,91.71330513890831,75.29119779229678,99.17320021653053,83
2025-10-13,SKU047,Home Decor,81,2,84.2943641072039,70.5682085830724,101.41207111865383,90
2025-10-20,SKU047,Home Decor,74,2,83.79818899241582,73.81073115086537,98.28049478885902,84
2025-10-27,SKU047,Home Decor,86,2,85.76914076214376,73.97139293123544,102.42192192872307,76
2025-09-08,SKU048,Kitchen,66,2,51.879670315496575,39.85199324174341,60.18984455204964,43
2025-09-15,SKU048,Kitchen,53,2,48.05885269099341,38.17768871958164,58.845076434478145,61
2025-09-22,SKU048,Kitchen,55,2,48.286971629444935,38.36943479434186,59.25277189562017,56
2025-09-29,SKU048,Kitchen,46,2,44.08681724773496,40.49508174499164,58.63436358747327,47
2025-10-06,SKU048,Kitchen,46,2,42.243034491730604,40.12734735938243,55.789610190739396,48
2025-10-13,SKU048,Kitchen,55,2,41.36526934343923,34.46187585472992,50.68277191008082,54
2025-10-20,SKU048,Kitchen,58,2,38.14965973761783,32.388663027629406,46.67536492759797,52
2025-10-27,SKU048,Kitchen,29,2,39.036780246051926,37.84915743737952,45.7360138881872,53
2025-09-08,SKU049,Lighting,151,2,159.38995969340317,148.20613803871302,166.28997597845688,160
2025-09-15,SKU049,Lighting,167,2,159.56723662679568,145.3150992721707,164.83389862883277,152
2025-09-22,SKU049,Lighting,160,2,158.92199718152528,136.35343242273194,161.31508380901033,158
2025-09-29,SKU049,Lighting,169,2,154.73070486668104,137.81502027576374,162.3746794687479,167
2025-10-06,SKU049,Lighting,135,2,137.5600609350677,125.94164414404013,158.87882018330026,149
2025-10-13,SKU049,Lighting,146,2,136.89867503470296,126.37537881126826,151.39289261873776,150
2025-10-20,SKU049,Lighting,142,2,135.01553277017138,124.67386467072916,147.90148477148543,132
2025-10-27,SKU049,Lighting,142,2,141.13352897861614,130.2549991937804,154.98584742969092,152
2025-09-08,SKU050,Storage,30,2,45.46167457023592,40.62280843293198,56.15464782033669,34
2025-09-15,SKU050,Storage,36,2,40.97777880960152,36.99206077524927,50.9172534602932,53
2025-09-22,SKU050,Storage,27,2,38.91901638619844,32.976382168852936,50.78127399807728,28
2025-09-29,SKU050,Storage,36,2,38.89071952419078,30.813783829414774,46.99899377951315,20
2025-10-06,SKU050,Storage,37,2,32.59320500846797,28.86586868348269,44.45669285783447,38
2025-10-13,SKU050,Storage,38,2,31.914481466186466,28.8242116991314,40.95281561205452,35
2025-10-20,SKU050,Storage,34,2,31.008105206774612,29.790452760651604,41.4515436998935,36
2025-10-27,SKU050,Storage,28,2,29.8868956654002,29.419395076993872,39.63219704776129,37
2025-07-14,SKU001,Furniture,114,3,98.4375318432702,84.71027047623417,107.15717735765477,100
2025-07-21,SKU001,Furniture,114,3,97.01958280386273,89.87101007208122,107.60492267689976,71
2025-07-28,SKU001,Furniture,116,3,101.22125697172902,89.28985503657842,106.29949039944772,103
2025-08-04,SKU001,Furniture,93,3,94.1163632390939,87.15816603356464,103.13216525961714,89
2025-08-11,SKU001,Furniture,76,3,94.4103910410911,87.6590238348959,102.70583757076633,87
2025-08-18,SKU001,Furniture,84,3,90.0301953781494,80.52390440538886,105.2705201871447,86
2025-08-25,SKU001,Furniture,101,3,92.57773920993151,85.9514239680795,103.91320201411897,105
2025-09-01,SKU001,Furniture,92,3,94.58489147893826,87.01894349926376,102.5533435284185,86
2025-07-14,SKU002,Home Decor,79,3,68.39667747812611,53.653770127113184,85.94036142868299,77
2025-07-21,SKU002,Home Decor,67,3,68.43967381162192,56.24549598403014,84.15954990642982,77
2025-07-28,SKU002,Home Decor,77,3,70.85573674893298,53.35627086756336,84.58812867107434,57
2025-08-04,SKU002,Home Decor,77,3,65.6916587434583,54.08974465504265,76.13865320543495,54
2025-08-11,SKU002,Home Decor,55,3,64.24095916113772,53.85949103934846,81.04174247923524,67
2025-08-18,SKU002,Home Decor,70,3,66.82686770100075,54.02223092962315,78.92970308585367,55
2025-08-25,SKU002,Home Decor,78,3,60.65237212431899,54.164830909228556,81.24107909457724,49
2025-09-01,SKU002,Home Decor,71,3,58.86914849474721,49.0640683191779,73.47964759922887,66
2025-07-14,SKU003,Kitchen,44,3,34.91274274996675,32.409929758738336,45.21189300071026,35
2025-07-21,SKU003,Kitchen,38,3,34.652811571836395,29.89507331817687,45.01048483559923,24
2025-07-28,SKU003,Kitchen,37,3,35.515941884965066,31.21609984386939,44.51018185283811,47
2025-08-04,SKU003,Kitchen,26,3,33.48329988299837,31.39367230583095,43.95810064950473,41
2025-08-11,SKU003,Kitchen,39,3,36.16948344513814,32.666661839143316,48.25008345905313,39
2025-08-18,SKU003,Kitchen,42,3,38.90620602788232,34.777837920659366,47.96032108486763,35
2025-08-25,SKU003,Kitchen,31,3,38.86273609779461,32.58071789948313,47.25146754146567,37
2025-09-01,SKU003,Kitchen,30,3,35.31017988629217,32.7301591897801,46.337694957145,42
2025-07-14,SKU004,Lighting,31,3,27.943064452323082,24.81862319870548,36.43560129106184,35
2025-07-21,SKU004,Lighting,31,3,27.443350262874343,23.657563131735607,37.84989589779859,38
2025-07-28,SKU004,Lighting,34,3,30.0671480237938,26.06520399411821,40.13387631437213,30
2025-08-04,SKU004,Lighting,30,3,26.669455857001626,23.270718488737263,36.202239688804646,32
2025-08-11,SKU004,Lighting,23,3,27.377264277408226,22.075894990654486,37.39789778000289,35
2025-08-18,SKU004,Lighting,27,3,28.211923474622548,22.686979233720727,39.049952713235605,28
2025-08-25,SKU004,Lighting,23,3,27.048541721221383,22.977028844024268,37.1437467764515,28
2025-09-01,SKU004,Lighting,35,3,29.746580222331318,22.903228970971906,35.04414686698561,21
2025-07-14,SKU005,Storage,109,3,107.58374370117016,97.7868413990737,115.83561080763832,112
2025-07-21,SKU005,Storage,106,3,109.06820083015685,99.96888102807937,122.45301999030578,114
2025-07-28,SKU005,Storage,123,3,106.21459839684053,101.41669210026421,125.68666921990844,115
2025-08-04,SKU005,Storage,109,3,101.84933152154943,101.00305606302607,115.16369713116559,107
2025-08-11,SKU005,Storage,105,3,103.68750684942673,100.25212020516886,114.06379125732387,96
2025-08-18,SKU005,Storage,102,3,98.68134943018497,98.4260042543157,113.90340738765254,107
2025-08-25,SKU005,Storage,99,3,100.86418587784787,94.5594140245752,116.47268172330259,112
2025-09-01,SKU005,Storage,97,3,106.41159230137625,94.97067282326526,115.35897851642048,114
2025-07-14,SKU006,Furniture,34,3,48.29529214007421,38.74105729999966,58.87716460897459,42
2025-07-21,SKU006,Furniture,45,3,47.66790119419392,41.312123808250654,58.93774672903379,46
2025-07-28,SKU006,Furniture,40,3,46.84424603608534,39.49876733656284,56.763656158744965,53
2025-08-04,SKU006,Furniture,47,3,47.79579487475426,41.12788557879019,57.38460970903087,36
2025-08-11,SKU006,Furniture,51,3,43.84494589893926,38.41083461561221,56.05240839174384,27
2025-08-18,SKU006,Furniture,37,3,48.071421075942865,44.228609830133905,58.18634361499602,39
2025-08-25,SKU006,Furniture,39,3,46.30161819369734,41.56416879049945,57.09846903864346,34
2025-09-01,SKU006,Furniture,37,3,41.13324935755848,40.26354372427068,49.98448676299022,53
2025-07-14,SKU007,Home Decor,188,3,159.6531045319179,163.98282655666003,167.1656714811644,180
2025-07-21,SKU007,Home Decor,154,3,159.73536714457316,158.56359794538483,166.06196059348207,168
2025-07-28,SKU007,Home Decor,177,3,160.77595471608143,165.98266730369932,169.80337503112676,185
2025-08-04,SKU007,Home Decor,174,3,146.19848781353357,148.51545438692918,167.81844273229774,153
2025-08-11,SKU007,Home Decor,139,3,145.7544865206241,140.96126500088036,165.35183271400052,137
2025-08-18,SKU007,Home Decor,164,3,144.79710629105188,159.59120677109954,163.73404486999968,173
2025-08-25,SKU007,Home Decor,156,3,144.7454319205863,141.0414259697673,164.67653991956254,155
2025-09-01,SKU007,Home Decor,162,3,148.50430222683732,153.0664133200317,166.8200861018937,152
2025-07-14,SKU008,Kitchen,111,3,109.74252361737723,103.4284105508367,125.5308618379563,114
2025-07-21,SKU008,Kitchen,112,3,110.63399986729091,100.5312868015139,119.08321468692706,116
2025-07-28,SKU008,Kitchen,107,3,107.32704395165673,98.19950579579158,123.83704238878707,125
2025-08-04,SKU008,Kitchen,105,3,103.52760919329803,101.84620031098552,111.0144622908768,101
2025-08-11,SKU008,Kitchen,116,3,97.37473364564957,93.24837093524738,116.24460560329692,97
2025-08-18,SKU008,Kitchen,117,3,104.16152012071751,98.74294145222683,105.32192942423363,99
2025-08-25,SKU008,Kitchen,93,3,98.38366471990874,88.01831297513661,108.68748540784058,117
2025-09-01,SKU008,Kitchen,95,3,102.54076056002245,97.48919495804749,102.53809931372344,105
2025-07-14,SKU009,Lighting,71,3,78.6705270377244,75.41673276649048,93.45684377333627,61
2025-07-21,SKU009,Lighting,76,3,74.83135492788792,70.3203429760317,89.88803502297652,88
2025-07-28,SKU009,Lighting,64,3,75.21821588715906,71.65038097254474,86.43325569145983,84
2025-08-04,SKU009,Lighting,66,3,73.5810387029318,65.5894184308191,83.94824855191443,86
2025-08-11,SKU009,Lighting,70,3,71.63455742496241,61.417667320455294,82.5946488558793,63
2025-08-18,SKU009,Lighting,61,3,67.54791312198957,60.97824552919641,82.46488683862609,66
2025-08-25,SKU009,Lighting,68,3,72.81103825039817,64.70069046927667,81.73826433391119,54
2025-09-01,SKU009,Lighting,59,3,72.80174934004006,59.64557817069135,84.909502914275,61
2025-07-14,SKU010,Storage,117,3,112.56545770488142,103.31046708983308,123.84368288263613,110
2025-07-21,SKU010,Storage,118,3,112.20544424759998,105.26135286343707,127.10451635506259,112
2025-07-28,SKU010,Storage,110,3,114.54052768324883,108.23871066780134,127.3164880698103,119
2025-08-04,SKU010,Storage,89,3,102.79232854756182,104.27140740439924,124.07269669198928,109
2025-08-11,SKU010,Storage,100,3,103.88735258242733,103.42644358131956,122.84537528747465,103
2025-08-18,SKU010,Storage,102,3,106.87023960698139,105.88684159434361,126.89746524176724,101
2025-08-25,SKU010,Storage,120,3,101.2263954562029,100.19854607865298,123.78525827715197,99
2025-09-01,SKU010,Storage,99,3,100.25276066036776,96.14598021983781,118.97239634987875,95
2025-07-14,SKU011,Furniture,15,3,18.59735240052746,12.160752081924878,26.54927030079434,26
2025-07-21,SKU011,Furniture,19,3,16.463594745171562,11.462234153771115,25.130392953167195,11
2025-07-28,SKU011,Furniture,13,3,17.001678856936287,11.805859438225715,24.813920484588813,14
2025-08-04,SKU011,Furniture,17,3,17.719100382308373,11.49393952050202,25.506429489509518,11
2025-08-11,SKU011,Furniture,23,3,18.68972655086765,14.715911220891877,28.00075120273131,21
2025-08-18,SKU011,Furniture,15,3,18.977941269536053,13.363885933696615,26.593213443048754,13
2025-08-25,SKU011,Furniture,24,3,19.08871210542141,11.569322285322615,27.644409555362753,11
2025-09-01,SKU011,Furniture,8,3,18.735164398740856,14.805215526098818,27.201117324095335,20
2025-07-14,SKU012,Home Decor,188,3,167.0348614575933,161.48262728349192,189.32068460117767,179
2025-07-21,SKU012,Home Decor,181,3,172.33421921004916,168.47024910560714,187.80719453302353,192
2025-07-28,SKU012,Home Decor,147,3,174.0888266527186,172.1753737243227,180.52207281479528,198
2025-08-04,SKU012,Home Decor,168,3,160.14477077066195,149.58877793846364,184.35412784128368,153
2025-08-11,SKU012,Home Decor,164,3,159.91305092726498,149.604166549748,178.16801884010042,157
2025-08-18,SKU012,Home Decor,165,3,158.26799977545906,165.4750400685605,178.72752400103263,164
2025-08-25,SKU012,Home Decor,190,3,158.06501665044664,159.35960330634896,171.48660679512085,169
2025-09-01,SKU012,Home Decor,158,3,155.99574819907193,159.8835942620855,160.52836907990002,172
2025-07-14,SKU013,Kitchen,109,3,103.04618617582553,88.44784367198014,110.86783035062726,101
2025-07-21,SKU013,Kitchen,83,3,94.06291435098775,77.9826878362907,105.64169214349813,81
2025-07-28,SKU013,Kitchen,87,3,95.12740637152832,78.51678232517526,103.03907144199749,108
2025-08-04,SKU013,Kitchen,82,3,91.26168698124627,81.38553077703943,100.50613427347066,99
2025-08-11,SKU013,Kitchen,83,3,86.66962705736624,81.18878099408477,101.54755696979431,88
2025-08-18,SKU013,Kitchen,109,3,93.00578556995009,87.17193397936832,102.65108625419245,72
2025-08-25,SKU013,Kitchen,92,3,95.60334663857704,83.3707915670375,102.88594094316173,87
2025-09-01,SKU013,Kitchen,89,3,95.11819265371835,87.64862900130343,104.36289148091652,91
2025-07-14,SKU014,Lighting,127,3,129.42505836722188,146.5383928067894,155.4991650227814,166
2025-07-21,SKU014,Lighting,145,3,128.09211612014104,123.30902177591298,150.709770516537,148
2025-07-28,SKU014,Lighting,146,3,136.10595860481737,151.95149990162966,152.73753547161888,165
2025-08-04,SKU014,Lighting,140,3,121.53277101926945,117.39588841926933,152.10238956070367,124
2025-08-11,SKU014,Lighting,120,3,128.52745291988376,120.85852847052789,152.79280387737404,137
2025-08-18,SKU014,Lighting,124,3,125.08937235895183,118.53467202319464,151.44545838365514,120
2025-08-25,SKU014,Lighting,133,3,118.34704244010683,118.18547827249706,150.52058470599763,132
2025-09-01,SKU014,Lighting,151,3,129.1328936333386,121.35525663165915,151.74014127331714,139
2025-07-14,SKU015,Storage,23,3,29.39979518216919,24.677105674506155,39.966653038025356,30
2025-07-21,SKU015,Storage,25,3,28.164381003909014,23.481484479437277,37.76685245506239,27
2025-07-28,SKU015,Storage,35,3,27.74777659198142,23.977551761962403,38.190635006835166,27
2025-08-04,SKU015,Storage,19,3,26.912640952196504,22.83356509049048,35.91263912390364,27
2025-08-11,SKU015,Storage,22,3,26.258528163059946,21.300034569034764,32.85624447331891,19
2025-08-18,SKU015,Storage,28,3,26.859151537667746,20.442213221359825,32.44902051194506,26
2025-08-25,SKU015,Storage,25,3,26.103414487779215,21.15116705508729,28.873932468768956,23
2025-09-01,SKU015,Storage,28,3,25.423407358536277,21.122952197006562,31.647146408772407,32
2025-07-14,SKU016,Furniture,108,3,99.48603723814225,89.461414493132,110.46440462660935,98
2025-07-21,SKU016,Furniture,95,3,101.51329287151937,87.24855887822731,104.70270940291918,80
2025-07-28,SKU016,Furniture,101,3,96.07823255279924,82.33971393202613,106.93932858808594,94
2025-08-04,SKU016,Furniture,82,3,94.0898375823126,86.06779253602308,100.9573261121004,82
2025-08-11,SKU016,Furniture,92,3,90.51995838867849,83.43289627532248,103.21359368966858,84
2025-08-18,SKU016,Furniture,93,3,94.63764157130525,83.35387557545309,101.80003438525462,91
2025-08-25,SKU016,Furniture,76,3,93.24018666374626,85.22060814335788,101.35834853069876,87
2025-09-01,SKU016,Furniture,86,3,91.11067137407505,83.72927179280623,100.21359368966858,94
2025-07-14,SKU017,Home Decor,100,3,98.12657091413608,79.43036647989656,105.3836459014571,109
2025-07-21,SKU017,Home Decor,90,3,95.9220048681005,84.50895774742942,103.02876082237478,108
2025-07-28,SKU017,Home Decor,82,3,96.54014504080662,84.12595646523988,103.35909853290009,100
2025-08-04,SKU017,Home Decor,78,3,89.54894312001474,86.2544908008098,101.6545792916622,95
2025-08-11,SKU017,Home Decor,79,3,92.99065212955173,87.55926784442002,101.75912717471398,97
2025-08-18,SKU017,Home Decor,89,3,91.42077423238051,86.16493379728409,98.98431036843087,98
2025-08-25,SKU017,Home Decor,81,3,91.24121325330285,82.89493132068769,105.42028687857318,99
2025-09-01,SKU017,Home Decor,79,3,97.1644981843728,90.72949983263554,102.77698628613783,84
2025-07-14,SKU018,Kitchen,153,3,172.21350973331968,171.53809053667655,179.98480226454944,176
2025-07-21,SKU018,Kitchen,168,3,172.00869388826092,164.45778214933432,178.23327585357416,169
2025-07-28,SKU018,Kitchen,160,3,171.81066827817014,161.72425520127211,181.11595886203506,165
2025-08-04,SKU018,Kitchen,173,3,160.83722801444645,162.509774359539,180.97926096671858,161
2025-08-11,SKU018,Kitchen,142,3,160.31213258412146,158.9835832615038,180.97054903943567,173
2025-08-18,SKU018,Kitchen,138,3,160.87206250263378,162.2018484587551,180.76690830852857,163
2025-08-25,SKU018,Kitchen,163,3,163.257016564297,163.8187986067052,178.06319905899883,174
2025-09-01,SKU018,Kitchen,165,3,165.58719121932003,160.67302071268628,172.635668418736,167
2025-07-14,SKU019,Lighting,105,3,111.08674717727546,98.79378073522884,122.03457827700962,116
2025-07-21,SKU019,Lighting,105,3,104.5293233025018,95.22769388969552,122.84809787412192,99
2025-07-28,SKU019,Lighting,102,3,111.06557940109458,99.49077253606946,117.97073306220577,114
2025-08-04,SKU019,Lighting,108,3,99.68723998171478,100.76073044740573,122.67815411186315,105
2025-08-11,SKU019,Lighting,107,3,95.59832839020036,96.87775473476984,110.82442380518516,94
2025-08-18,SKU019,Lighting,100,3,92.39946143262348,90.29669693570365,122.79799134811672,89
2025-08-25,SKU019,Lighting,115,3,98.64042431687817,94.66625151315536,114.43604892909211,101
2025-09-01,SKU019,Lighting,85,3,102.78429801896533,95.33146112216487,109.90437548288008,109
2025-07-14,SKU020,Storage,90,3,99.86859559884012,84.73396278062755,107.13512930466129,96
2025-07-21,SKU020,Storage,97,3,99.27940976763382,82.81319221018406,103.11528778444162,112
2025-07-28,SKU020,Storage,89,3,94.70746035730572,81.37564704663087,102.24454464330358,104
2025-08-04,SKU020,Storage,75,3,91.46202916544584,87.1982102115284,99.70919569282788,90
2025-08-11,SKU020,Storage,98,3,88.38234429339609,80.67772696260518,99.37276379984083,95
2025-08-18,SKU020,Storage,82,3,88.33450247791903,80.67009756396696,98.6301953823773,101
2025-08-25,SKU020,Storage,105,3,92.76735761249837,85.1908326666542,101.20454454953259,86
2025-09-01,SKU020,Storage,73,3,85.69436590178984,73.23513243886194,101.85838818076655,102
2025-07-14,SKU021,Furniture,70,3,59.42415927861346,53.52210125929444,69.3802512573764,56
2025-07-21,SKU021,Furniture,61,3,57.127271305993936,55.42677469482847,68.65171089837503,61
2025-07-28,SKU021,Furniture,55,3,56.75185088819722,49.939986929796675,68.30998708334769,56
2025-08-04,SKU021,Furniture,58,3,58.337993103314545,47.28941559030763,69.78381036254555,55
2025-08-11,SKU021,Furniture,56,3,55.31943242574522,55.04507551083808,68.12120297342187,50
2025-08-18,SKU021,Furniture,52,3,62.30931154927685,56.697055328436704,71.85531676149738,72
2025-08-25,SKU021,Furniture,61,3,55.99291595199969,50.18392720756678,68.70279507353287,56
2025-09-01,SKU021,Furniture,42,3,55.1731247639951,50.15917338413688,68.51948443611175,54
2025-07-14,SKU022,Home Decor,65,3,67.8770746571666,55.97256808589661,79.03910381636072,72
2025-07-21,SKU022,Home Decor,79,3,65.63789418996366,54.11450055644666,79.61716252822598,66
2025-07-28,SKU022,Home Decor,63,3,73.55783955797234,54.5000289275969,84.64663247301453,73
2025-08-04,SKU022,Home Decor,68,3,67.22790296221146,56.41484046300518,82.26526718565836,54
2025-08-11,SKU022,Home Decor,65,3,68.44104501837042,69.19730641984721,85.17600851216395,64
2025-08-18,SKU022,Home Decor,62,3,68.10319789365282,66.43839814398358,82.39477426903036,61
2025-08-25,SKU022,Home Decor,72,3,68.77150680184387,65.90635828363658,81.84612493826044,64
2025-09-01,SKU022,Home Decor,48,3,64.23022125903054,60.97558751116576,81.30058134600797,65
2025-07-14,SKU023,Kitchen,112,3,108.62344303034061,94.96369552850483,114.03758106671177,88
2025-07-21,SKU023,Kitchen,84,3,104.60342599638875,94.65857424784272,112.07729047911259,107
2025-07-28,SKU023,Kitchen,105,3,107.3587400559975,93.55761274921363,108.60937552115186,105
2025-08-04,SKU023,Kitchen,101,3,97.24099922275713,86.79864196997796,106.52483919813349,104
2025-08-11,SKU023,Kitchen,106,3,100.37344325934575,93.77203187689254,108.40824561680719,100
2025-08-18,SKU023,Kitchen,101,3,101.04485028933463,97.02487057811867,108.842016153362,86
2025-08-25,SKU023,Kitchen,98,3,99.51265243896576,95.18494630683077,117.53264616786885,98
2025-09-01,SKU023,Kitchen,78,3,96.85264024809352,86.22907399675535,109.31476994091176,82
2025-07-14,SKU024,Lighting,87,3,97.85663613911424,86.4251886573354,105.4275678204976,81
2025-07-21,SKU024,Lighting,67,3,88.7279576768365,74.57546647636067,102.86623577247616,90
2025-07-28,SKU024,Lighting,79,3,87.90773055593486,73.35915330566569,93.63412045910941,89
2025-08-04,SKU024,Lighting,97,3,86.26097916871164,74.06826671474126,93.40916034416584,100
2025-08-11,SKU024,Lighting,81,3,86.14944533871078,75.33957346067854,95.5192701045924,71
2025-08-18,SKU024,Lighting,82,3,82.41567920685654,78.10087188745497,98.36501149291118,93
2025-08-25,SKU024,Lighting,77,3,84.9642733306377,75.61932130317808,95.9083018498784,94
2025-09-01,SKU024,Lighting,89,3,85.44125007915872,78.59072572263938,98.39722110632685,85
2025-07-14,SKU025,Storage,15,3,18.094717030125175,14.453243814492318,24.933156291264236,23
2025-07-21,SKU025,Storage,26,3,15.763054630821406,13.402078614790208,24.948331683643403,15
2025-07-28,SKU025,Storage,21,3,19.08451413854797,14.37210716982444,26.41259863381439,16
2025-08-04,SKU025,Storage,19,3,20.530758325161113,17.848399459003673,26.868941236589706,17
2025-08-11,SKU025,Storage,19,3,19.80634747057406,15.736419862264345,27.330561619249785,18
2025-08-18,SKU025,Storage,14,3,19.962679880019984,13.429291017261363,26.164776350152476,14
2025-08-25,SKU025,Storage,16,3,17.615039748977818,13.437858806974983,25.548852830253722,20
2025-09-01,SKU025,Storage,24,3,18.820040101420688,14.35142824197278,26.18419305324009,24
2025-07-14,SKU026,Furniture,149,3,145.16162705364889,137.45318149891247,162.65838540594254,149
2025-07-21,SKU026,Furniture,147,3,146.33343662190833,138.9408460320363,161.90013260609834,150
2025-07-28,SKU026,Furniture,181,3,153.06987867260125,147.16963163071046,165.24481802932178,139
2025-08-04,SKU026,Furniture,154,3,142.27354619354878,140.97381362888163,164.80848872774595,150
2025-08-11,SKU026,Furniture,148,3,149.82838953874344,139.00498926947856,166.11640913275113,141
2025-08-18,SKU026,Furniture,132,3,144.53730603278865,139.54526195832975,159.9885777035489,128
2025-08-25,SKU026,Furniture,115,3,137.18319110359968,136.89816807017925,154.30460131781138,145
2025-09-01,SKU026,Furniture,133,3,145.2401390418305,121.34333013474911,148.55655539172048,129
2025-07-14,SKU027,Home Decor,186,3,163.3776351877246,150.60783734755415,180.29719584762992,153
2025-07-21,SKU027,Home Decor,158,3,163.5561280349572,167.3158296187924,180.18258560396885,177
2025-07-28,SKU027,Home Decor,156,3,167.26071501366653,156.25039119142474,181.5855144320074,146
2025-08-04,SKU027,Home Decor,155,3,158.26694097719715,147.23562077651206,177.47498637812052,149
2025-08-11,SKU027,Home Decor,114,3,146.28316585210422,144.66335785537726,160.37937292918306,152
2025-08-18,SKU027,Home Decor,153,3,145.14408617315158,144.2460672617686,159.33191086494367,157
2025-08-25,SKU027,Home Decor,147,3,148.69327581508156,159.25469492326215,164.1180486212056,172
2025-09-01,SKU027,Home Decor,134,3,149.81351510783907,136.705025556628,161.37735085895457,147
2025-07-14,SKU028,Kitchen,48,3,38.07445859818525,32.7462729000507,47.157178026399585,37
2025-07-21,SKU028,Kitchen,41,3,37.207575654637076,33.053695410426684,48.09126248730266,36
2025-07-28,SKU028,Kitchen,32,3,37.5886446877849,32.955781719387126,47.04938389642043,48
2025-08-04,SKU028,Kitchen,34,3,37.2064730201609,32.47686540757425,46.38145328893679,32
2025-08-11,SKU028,Kitchen,41,3,36.40534521225086,31.266110877541603,44.87440243611557,27
2025-08-18,SKU028,Kitchen,36,3,33.603201346194716,30.646470308844716,43.2453999453694,33
2025-08-25,SKU028,Kitchen,28,3,33.4915305227823,31.038670312069332,42.09982014511856,37
2025-09-01,SKU028,Kitchen,43,3,31.409621302375886,28.109036095311748,40.36178899952222,29
2025-07-14,SKU029,Lighting,107,3,106.58465168828413,100.60752964312277,126.8292004317977,99
2025-07-21,SKU029,Lighting,118,3,107.7864767008863,100.31900401318217,121.6376739652759,90
2025-07-28,SKU029,Lighting,112,3,108.63071953496379,99.87384305465336,124.22179832599495,128
2025-08-04,SKU029,Lighting,90,3,102.38135599612949,99.15880022768414,115.47828440943763,109
2025-08-11,SKU029,Lighting,101,3,102.49821363905062,95.89420413130193,116.01427343543845,95
2025-08-18,SKU029,Lighting,112,3,96.64837561114855,92.28063499775243,114.01408730201373,103
2025-08-25,SKU029,Lighting,114,3,104.03738667816721,97.17501740719783,111.27694843359897,106
2025-09-01,SKU029,Lighting,102,3,102.58311688673045,91.66815643947076,110.47709199273419,98
2025-07-14,SKU030,Storage,31,3,29.65743349261146,27.261699780747318,38.36633628120045,31
2025-07-21,SKU030,Storage,34,3,30.402099639536065,26.43551867785481,40.28577781051585,27
2025-07-28,SKU030,Storage,32,3,30.363863063134353,27.987063196996683,40.84887848107138,33
2025-08-04,SKU030,Storage,29,3,31.260372101289533,27.494557849337763,41.67203461532764,36
2025-08-11,SKU030,Storage,29,3,31.909152264759555,32.09870350481652,40.02442717192862,42
2025-08-18,SKU030,Storage,31,3,31.8585808824725,27.904469705213078,41.50111997477665,29
2025-08-25,SKU030,Storage,37,3,31.032634795814523,27.452053430914056,39.81781945118402,32
2025-09-01,SKU030,Storage,28,3,31.15526422749066,28.7647217623752,39.04335237659456,34
2025-07-14,SKU031,Furniture,113,3,121.79846156477261,118.97667372729863,140.89480211275466,118
2025-07-21,SKU031,Furniture,133,3,127.01281625086,121.55000012549492,147.59632701428015,135
2025-07-28,SKU031,Furniture,126,3,124.74636537783952,118.10360392102908,139.51545295853114,115
2025-08-04,SKU031,Furniture,115,3,110.92442151158097,112.61854852641522,131.8859166785089,110
2025-08-11,SKU031,Furniture,130,3,115.40293337782475,117.80125021855774,141.7052620646104,136
2025-08-18,SKU031,Furniture,138,3,114.28214308012923,113.92786944162341,136.05264830261996,118
2025-08-25,SKU031,Furniture,115,3,116.2014096335746,112.56382921697261,135.47503235531877,109
2025-09-01,SKU031,Furniture,112,3,117.36065391220632,111.01395942200018,127.56852411891877,117
2025-07-14,SKU032,Home Decor,62,3,66.76416650718956,55.8973363498685,78.537432010958,75
2025-07-21,SKU032,Home Decor,54,3,66.08436523619558,48.92799584190518,82.23944232730217,69
2025-07-28,SKU032,Home Decor,58,3,65.69085849915739,53.03462857934491,80.69655856693667,53
2025-08-04,SKU032,Home Decor,78,3,60.47817367440073,54.283016977724515,75.36531265956884,47
2025-08-11,SKU032,Home Decor,50,3,60.064307020424955,53.87634280369136,74.74007541925145,65
2025-08-18,SKU032,Home Decor,65,3,58.84897310611926,54.05071945124732,73.10257246952138,49
2025-08-25,SKU032,Home Decor,49,3,54.86669886937541,54.62696338782545,70.25716489773951,43
2025-09-01,SKU032,Home Decor,59,3,53.795234720198536,49.64249476589727,66.36721800925125,56
2025-07-14,SKU033,Kitchen,121,3,122.87137722546358,128.8034064939517,149.69278955265563,142
2025-07-21,SKU033,Kitchen,120,3,122.62309922519015,111.02856921537695,137.2387124402761,120
2025-07-28,SKU033,Kitchen,126,3,127.1468088757548,117.06357741925707,137.20607938022437,127
2025-08-04,SKU033,Kitchen,105,3,113.41075194354133,106.36633684377551,127.38731722052178,106
2025-08-11,SKU033,Kitchen,105,3,116.37421116445492,108.50768514783569,136.18475150436066,102
2025-08-18,SKU033,Kitchen,106,3,109.9187649382959,109.23066368159728,130.67575436807502,106
2025-08-25,SKU033,Kitchen,107,3,110.53973677849335,104.63836476478055,134.38510139025666,108
2025-09-01,SKU033,Kitchen,115,3,114.90472343781465,112.2747137230293,128.39351197384886,116
2025-07-14,SKU034,Lighting,129,3,128.59135848481625,117.49025028120887,159.02437634161515,118
2025-07-21,SKU034,Lighting,139,3,130.97795462890687,126.14277083609112,148.55597181584446,131
2025-07-28,SKU034,Lighting,156,3,123.74483255558705,114.39233181029235,158.29112730133517,128
2025-08-04,SKU034,Lighting,121,3,125.15986139133204,116.43824781923419,150.76632440024434,120
2025-08-11,SKU034,Lighting,113,3,117.06029723280335,115.86776333687737,153.95871112909145,126
2025-08-18,SKU034,Lighting,123,3,123.36413602298903,114.10599402883864,150.98069321715516,116
2025-08-25,SKU034,Lighting,108,3,118.7274850303355,109.97846530413943,155.25655362554627,97
2025-09-01,SKU034,Lighting,141,3,126.15982742223854,118.12136776339324,154.75414733419436,114
2025-07-14,SKU035,Storage,125,3,146.3951162929794,157.27851077714783,161.05314422995656,159
2025-07-21,SKU035,Storage,131,3,145.17819095929772,133.90995957564922,158.1055020796563,135
2025-07-28,SKU035,Storage,167,3,146.23917457329162,144.70866746730655,158.43716384696359,152
2025-08-04,SKU035,Storage,121,3,137.89328018065302,137.23103101838538,157.0309573522443,143
2025-08-11,SKU035,Storage,135,3,138.29556031520463,125.05489820447819,153.5778454965124,137
2025-08-18,SKU035,Storage,143,3,131.72306236705873,123.08651288749563,152.76479382334773,133
2025-08-25,SKU035,Storage,125,3,132.34279784636996,123.15351973131153,150.70979125869874,128
2025-09-01,SKU035,Storage,130,3,141.41223062507538,127.94155919459061,144.34791128865882,144
2025-07-14,SKU036,Furniture,29,3,33.44103030465611,32.550446489878304,44.232946940940465,21
2025-07-21,SKU036,Furniture,38,3,32.70090187603928,27.165090709080435,43.72025546053316,55
2025-07-28,SKU036,Furniture,26,3,32.74955818623302,26.815371785252026,41.86035355156712,27
2025-08-04,SKU036,Furniture,32,3,31.339890887172167,26.33487488889958,38.500207079248334,23
2025-08-11,SKU036,Furniture,25,3,29.722510717090536,24.258970497760227,37.35713758099203,22
2025-08-18,SKU036,Furniture,22,3,31.23569839489198,26.382303252591434,40.255458061687236,22
2025-08-25,SKU036,Furniture,29,3,30.3435512681713,27.517677271637,41.80643306383167,37
2025-09-01,SKU036,Furniture,42,3,31.339112808853262,28.059814923718694,41.56901118603272,31
2025-07-14,SKU037,Home Decor,218,3,171.2935001026882,165.8816631954853,180.3990902212986,178
2025-07-21,SKU037,Home Decor,177,3,171.73653928882663,164.33652985327154,176.56594546208348,179
2025-07-28,SKU037,Home Decor,137,3,169.0182593076958,160.87433700692796,188.83994897527919,166
2025-08-04,SKU037,Home Decor,152,3,158.2403575492015,168.46229674639153,184.418516264145,179
2025-08-11,SKU037,Home Decor,159,3,157.29406697659192,141.33722617818583,176.23535854129605,136
2025-08-18,SKU037,Home Decor,148,3,162.37371047301713,161.84000050209653,181.08008139094832,161
2025-08-25,SKU037,Home Decor,166,3,161.45737839085325,141.89356668113584,179.8286246780566,135
2025-09-01,SKU037,Home Decor,162,3,160.50161215914275,148.15940620417578,173.31217895077117,152
2025-07-14,SKU038,Kitchen,58,3,55.53895611553642,47.69305864905664,66.79683773301373,54
2025-07-21,SKU038,Kitchen,57,3,56.324302524091294,47.868235198055906,66.23038347389516,54
2025-07-28,SKU038,Kitchen,48,3,59.14638870226574,49.86675787372965,66.96645338873861,63
2025-08-04,SKU038,Kitchen,47,3,53.14653792901152,49.09164723771903,65.53801547667452,43
2025-08-11,SKU038,Kitchen,45,3,53.45470619865079,47.487642760977764,65.07010455323854,54
2025-08-18,SKU038,Kitchen,57,3,52.887831367329134,46.97412401871506,64.65242860566984,48
2025-08-25,SKU038,Kitchen,46,3,56.90331438885616,47.1182483301456,67.92972763289772,45
2025-09-01,SKU038,Kitchen,50,3,53.76333206668622,52.52462196984035,65.73457521987221,47
2025-07-14,SKU039,Lighting,24,3,21.600787257458588,17.860423593412058,27.136378532631102,19
2025-07-21,SKU039,Lighting,18,3,23.257203068433824,17.621148926344294,29.18179008546732,18
2025-07-28,SKU039,Lighting,37,3,23.14299837267782,16.282785612316456,29.650449848806325,14
2025-08-04,SKU039,Lighting,21,3,22.577908931627665,15.628800856905666,29.641465334283946,15
2025-08-11,SKU039,Lighting,23,3,21.97763435902584,17.25088892172154,28.39366260454599,19
2025-08-18,SKU039,Lighting,19,3,23.168954143081656,19.606010945510782,28.696841508227017,23
2025-08-25,SKU039,Lighting,15,3,24.895871978949064,20.408219090435672,32.07659799133851,28
2025-09-01,SKU039,Lighting,16,3,24.52896751909949,17.614992596440363,29.750869881125954,15
2025-07-14,SKU040,Storage,110,3,111.08284177469713,102.6728388281461,115.81453226399802,115
2025-07-21,SKU040,Storage,95,3,107.84556269716843,98.48739867864529,114.07849944933838,108
2025-07-28,SKU040,Storage,100,3,106.06583304223345,100.80289287122588,117.70182799047116,111
2025-08-04,SKU040,Storage,109,3,103.44211079650925,97.99434960902975,110.8969368152343,112
2025-08-11,SKU040,Storage,88,3,96.42606647208761,96.88766248892843,107.59751230688968,95
2025-08-18,SKU040,Storage,95,3,102.0948513344884,94.91957471659266,104.13132258051766,106
2025-08-25,SKU040,Storage,103,3,101.29245128228327,91.66927960609831,107.77358022357086,108
2025-09-01,SKU040,Storage,100,3,102.26768475394607,95.61351151150457,109.63629594017792,91
2025-07-14,SKU041,Furniture,70,3,74.0821851790879,63.4281581012573,85.1329922653437,63
2025-07-21,SKU041,Furniture,93,3,72.79825273409806,63.39839359465897,87.28871466557646,75
2025-07-28,SKU041,Furniture,69,3,69.58958741224494,62.16640305250143,84.99216843430798,66
2025-08-04,SKU041,Furniture,66,3,71.00392161342003,60.6300358663645,83.23340723658251,66
2025-08-11,SKU041,Furniture,76,3,73.9569125329842,68.60992563482476,85.96970905702932,70
2025-08-18,SKU041,Furniture,77,3,71.97261882637535,71.86435890795491,91.42638987750477,76
2025-08-25,SKU041,Furniture,65,3,68.17741986504461,55.77055893130193,85.43060993545728,66
2025-09-01,SKU041,Furniture,79,3,72.47240985854845,63.0754963636055,85.50564368422222,75
2025-07-14,SKU042,Home Decor,150,3,154.1629787701003,146.72500036717858,172.7043086727056,145
2025-07-21,SKU042,Home Decor,160,3,157.30260042444615,151.52455296800923,166.56590974558668,152
2025-07-28,SKU042,Home Decor,160,3,150.17042923310652,151.45290653633043,160.11424358960855,153
2025-08-04,SKU042,Home Decor,159,3,148.52953493520806,141.4737539132672,154.46033007783427,149
2025-08-11,SKU042,Home Decor,140,3,147.6047879061278,145.31403148349017,159.53740867034807,134
2025-08-18,SKU042,Home Decor,143,3,146.30154149325983,141.9856858738249,158.20103633815035,142
2025-08-25,SKU042,Home Decor,165,3,146.64300240893138,138.4226523010759,160.18321162534414,121
2025-09-01,SKU042,Home Decor,156,3,145.96343368329354,138.91714795497714,159.47680722695097,146
2025-07-14,SKU043,Kitchen,150,3,148.8432294365452,161.74457587350827,161.72546640567558,172
2025-07-21,SKU043,Kitchen,155,3,139.81638444125764,132.181576728024,160.77361839948642,133
2025-07-28,SKU043,Kitchen,135,3,144.80183575163713,156.97023941472813,165.43360738831012,169
2025-08-04,SKU043,Kitchen,144,3,141.0809796605656,144.6654058089408,165.49619905515846,146
2025-08-11,SKU043,Kitchen,168,3,139.55094253633058,140.92646118868532,161.10534756298526,131
2025-08-18,SKU043,Kitchen,128,3,136.2815572288306,139.92265823751663,156.93381307868088,136
2025-08-25,SKU043,Kitchen,138,3,138.70685160128988,136.63222747924726,163.1724745993954,118
2025-09-01,SKU043,Kitchen,137,3,141.2787427470808,135.8130249446982,158.57989978154248,147
2025-07-14,SKU044,Lighting,84,3,64.98837353047053,54.29149033871544,78.61443152630133,62
2025-07-21,SKU044,Lighting,62,3,67.03730660376543,57.52878098353964,77.20349826300325,81
2025-07-28,SKU044,Lighting,72,3,66.86362734098917,50.69108929480068,80.21519972400917,80
2025-08-04,SKU044,Lighting,69,3,64.32567630805613,54.96384485658941,79.11591758444135,67
2025-08-11,SKU044,Lighting,63,3,63.27127814280771,54.9857268355534,80.62190919596854,57
2025-08-18,SKU044,Lighting,58,3,66.41843217601077,56.84046309694188,76.85142260838711,77
2025-08-25,SKU044,Lighting,69,3,57.14740925560415,49.815694182883355,72.98551138721619,54
2025-09-01,SKU044,Lighting,51,3,59.584641962251226,50.39804530964041,71.09937733173071,69
2025-07-14,SKU045,Storage,159,3,165.83506117150574,148.1259003643597,187.1669150958825,144
2025-07-21,SKU045,Storage,194,3,167.481442462576,163.8422063055607,187.11471531099625,164
2025-07-28,SKU045,Storage,163,3,168.63803106950002,166.73067658328034,182.3940675972546,180
2025-08-04,SKU045,Storage,148,3,161.12434765227547,169.5569531868557,178.60597954000835,173
2025-08-11,SKU045,Storage,152,3,163.32378478573247,162.84873215919225,175.33418015492637,174
2025-08-18,SKU045,Storage,163,3,166.0344636500414,165.58158738488322,179.00638007743862,190
2025-08-25,SKU045,Storage,142,3,158.1943803125924,137.91773393667285,173.77499864677355,135
2025-09-01,SKU045,Storage,143,3,157.59731885590952,147.55956658051966,169.8959171819238,152
2025-07-14,SKU046,Furniture,80,3,58.3576991206917,49.410493029485465,72.34575337034799,62
2025-07-21,SKU046,Furniture,76,3,58.178740897171,52.477344239033116,68.84888287818518,60
2025-07-28,SKU046,Furniture,69,3,62.36914324691572,50.65818282813826,74.51957726853983,69
2025-08-04,SKU046,Furniture,54,3,56.24127599265064,53.725846050494695,68.38003572922362,62
2025-08-11,SKU046,Furniture,70,3,62.20209165179235,50.983993151552845,71.87362791945529,71
2025-08-18,SKU046,Furniture,60,3,55.318052357111455,51.10133044977841,68.02517639439095,61
2025-08-25,SKU046,Furniture,54,3,56.32534400322561,50.56762545239604,68.04937240171796,55
2025-09-01,SKU046,Furniture,60,3,55.22826859830166,53.64264559942379,66.31794869347908,56
2025-07-14,SKU047,Home Decor,99,3,94.25398963422576,79.14816916297494,108.1940410162953,75
2025-07-21,SKU047,Home Decor,112,3,99.0163432595464,87.27265101259671,106.61795521758124,111
2025-07-28,SKU047,Home Decor,104,3,100.24818653175019,88.92909819928728,110.04197479555378,104
2025-08-04,SKU047,Home Decor,118,3,97.1893377266963,91.86739492910077,106.70685889185476,104
2025-08-11,SKU047,Home Decor,95,3,92.73008941663433,87.18617147148117,110.24097183306166,85
2025-08-18,SKU047,Home Decor,95,3,100.26911513548855,98.60870725125358,108.76422155909331,80
2025-08-25,SKU047,Home Decor,91,3,94.80182198367439,88.5988078970706,105.82295029061302,92
2025-09-01,SKU047,Home Decor,96,3,94.20466922566236,89.69111783260371,105.46020999133653,113
2025-07-14,SKU048,Kitchen,48,3,60.668819367317,55.81384741715406,68.37890512347843,65
2025-07-21,SKU048,Kitchen,63,3,57.649969849713784,50.74327120112805,69.29720567867791,64
2025-07-28,SKU048,Kitchen,55,3,57.66475835542113,52.71763459260759,69.04720242502988,50
2025-08-04,SKU048,Kitchen,47,3,55.70619742021291,50.370302797757965,65.97152480226784,57
2025-08-11,SKU048,Kitchen,46,3,54.47599429177567,49.88418804548346,64.97738481470962,52
2025-08-18,SKU048,Kitchen,41,3,55.76271523614015,47.701619800606075,66.73298940311543,55
2025-08-25,SKU048,Kitchen,46,3,59.18302100479608,51.74836808144464,68.47785624990983,66
2025-09-01,SKU048,Kitchen,54,3,55.45976277407725,55.5343257672312,65.81322789689979,61
2025-07-14,SKU049,Lighting,171,3,169.0209180183792,170.5838714273265,182.29563313425885,161
2025-07-21,SKU049,Lighting,168,3,170.32631734329644,164.14160573890587,181.36054378288193,183
2025-07-28,SKU049,Lighting,171,3,169.10076396568635,161.9803623253312,185.46071106628602,182
2025-08-04,SKU049,Lighting,158,3,161.97435461012222,161.5076249428546,180.6435995225077,169
2025-08-11,SKU049,Lighting,156,3,162.63264894324521,161.29545358122363,179.82907194445798,162
2025-08-18,SKU049,Lighting,161,3,160.79696296825495,147.51258962143024,176.42088159298606,149
2025-08-25,SKU049,Lighting,144,3,158.02523281889668,142.0741387865977,178.81250453958683,141
2025-09-01,SKU049,Lighting,164,3,161.84359033087284,154.00380833877972,173.1578921374943,156
2025-07-14,SKU050,Storage,54,3,40.83415329516146,37.354611919579504,50.7764583376125,47
2025-07-21,SKU050,Storage,47,3,47.590262543733694,39.59022602140671,58.20228205174584,44
2025-07-28,SKU050,Storage,41,3,50.44445738880069,48.49957924538079,58.53919244179604,30
2025-08-04,SKU050,Storage,37,3,47.96314978192766,42.12543540279615,57.38078050159231,39
2025-08-11,SKU050,Storage,38,3,47.838225299738234,37.2275960161866,56.3773601171916,32
2025-08-18,SKU050,Storage,38,3,46.63562342209811,37.38431608100299,54.80835111778708,46
2025-08-25,SKU050,Storage,39,3,47.299152175536555,39.21153089280833,56.65739805135523,32
2025-09-01,SKU050,Storage,29,3,47.50759136746091,44.481893306986066,56.4325066162594,39
2025-05-19,SKU001,Furniture,117,4,121.38211325419978,108.35544969597024,130.907338577897,119
2025-05-26,SKU001,Furniture,116,4,120.71720810577875,106.96619797872717,125.54245382661738,119
2025-06-02,SKU001,Furniture,114,4,117.22786926029976,96.05583738207724,123.97643002163227,107
2025-06-09,SKU001,Furniture,123,4,105.84078024899672,96.37178049204296,124.12796345235509,118
2025-06-16,SKU001,Furniture,99,4,108.26178825850268,100.44520937841425,119.33940085749285,109
2025-06-23,SKU001,Furniture,118,4,111.3378922173401,101.58320990703584,125.47190259682654,104
2025-06-30,SKU001,Furniture,130,4,114.08013293448171,102.48063179659479,121.08313415511911,119
2025-07-07,SKU001,Furniture,101,4,101.15385799133561,89.1489628750218,111.96834940208569,85
2025-05-19,SKU002,Home Decor,79,4,85.60986124794596,72.33928697427855,92.36962946612127,82
2025-05-26,SKU002,Home Decor,88,4,80.41172670287327,69.94991190906259,98.1897613189464,71
2025-06-02,SKU002,Home Decor,90,4,80.23496723835031,66.97872412810395,93.63365565524555,81
2025-06-09,SKU002,Home Decor,73,4,78.88796457569713,70.86722921205956,95.54260121089165,78
2025-06-16,SKU002,Home Decor,84,4,79.3769723065083,69.42267713969865,93.85757369050349,82
2025-06-23,SKU002,Home Decor,85,4,78.18944413171745,62.43340534275383,91.00610896108178,60
2025-06-30,SKU002,Home Decor,70,4,78.04602716803804,61.47382796025291,87.22072437239353,81
2025-07-07,SKU002,Home Decor,53,4,70.18171713421417,58.16899765451311,83.17251126006379,82
2025-05-19,SKU003,Kitchen,39,4,49.07681906684783,41.868281673793796,58.262959547311326,40
2025-05-26,SKU003,Kitchen,43,4,52.979473595303446,47.84446895875266,60.58602094200709,50
2025-06-02,SKU003,Kitchen,48,4,52.335335093079564,48.39957954464242,54.92725268299609,58
2025-06-09,SKU003,Kitchen,51,4,53.427106255487615,39.969069297326584,53.1552662460576,50
2025-06-16,SKU003,Kitchen,50,4,49.523252327427286,39.142554907545254,51.68489714611838,51
2025-06-23,SKU003,Kitchen,50,4,49.12617298467475,39.38833957545839,51.68489714611838,52
2025-06-30,SKU003,Kitchen,47,4,43.99948034544035,39.067588324346545,51.42239728171572,37
2025-07-07,SKU003,Kitchen,39,4,39.792770244833804,37.36998652437774,49.03685027749429,36
2025-05-19,SKU004,Lighting,30,4,37.404303063729415,34.12544143189552,49.1295616562154,45
2025-05-26,SKU004,Lighting,35,4,37.33205235582055,32.42970588080284,45.808234368756096,34
2025-06-02,SKU004,Lighting,34,4,38.0107912468946,31.78022154300285,43.498770971737436,33
2025-06-09,SKU004,Lighting,25,4,38.70459064194074,32.13471692736734,41.23772618698628,44
2025-06-16,SKU004,Lighting,34,4,36.66425877649564,31.239928227844644,44.92950511365741,36
2025-06-23,SKU004,Lighting,48,4,38.54616980884019,28.684708929777653,45.98441197435243,34
2025-06-30,SKU004,Lighting,27,4,33.97528682502187,26.742652069118847,44.632192867562416,37
2025-07-07,SKU004,Lighting,29,4,31.35943828974438,26.803502088965658,39.458017319284714,24
2025-05-19,SKU005,Storage,120,4,129.58573289095693,126.44123958464877,150.48590473408169,120
2025-05-26,SKU005,Storage,138,4,127.26991536903233,120.65530409091318,148.23220775208299,117
2025-06-02,SKU005,Storage,140,4,130.22875893434212,124.41016710674606,148.2158231300639,124
2025-06-09,SKU005,Storage,126,4,152.11818125282494,140.30810135923858,163.1345930322659,150
2025-06-16,SKU005,Storage,131,4,140.40939079843474,131.79061301334772,157.089613495288,140
2025-06-23,SKU005,Storage,125,4,131.9011975229019,134.84301487122067,158.69089572095854,152
2025-06-30,SKU005,Storage,132,4,130.05349773347734,121.21066274487572,149.55675381123308,141
2025-07-07,SKU005,Storage,96,4,114.64422425233063,110.89993181595221,125.93410946803792,104
2025-05-19,SKU006,Furniture,50,4,53.6240652767151,45.60720402974389,68.23278856252885,42
2025-05-26,SKU006,Furniture,55,4,55.31042887656662,44.14514320521481,64.51775915769328,62
2025-06-02,SKU006,Furniture,44,4,56.67840772666072,40.245305289624696,64.78088011023017,46
2025-06-09,SKU006,Furniture,57,4,58.603147170747704,45.18175034151414,63.37796849245737,31
2025-06-16,SKU006,Furniture,66,4,56.41227231884308,45.29620043416958,63.964524812920864,41
2025-06-23,SKU006,Furniture,42,4,56.72239228997881,38.731150643877434,64.21852952926795,47
2025-06-30,SKU006,Furniture,53,4,53.318852678776324,38.45908019289282,63.535236100751106,53
2025-07-07,SKU006,Furniture,41,4,46.75165322018498,41.61033549173081,57.9548186741109,57
2025-05-19,SKU007,Home Decor,176,4,188.89901714866102,165.94782121991358,205.3245256386693,178
2025-05-26,SKU007,Home Decor,209,4,202.00872416463096,190.28322393392787,219.17987682068798,221
2025-06-02,SKU007,Home Decor,190,4,204.8190578595744,190.3821068073287,218.5647394772527,228
2025-06-09,SKU007,Home Decor,180,4,199.07406143476007,190.63882751706865,220.72967528279426,199
2025-06-16,SKU007,Home Decor,180,4,197.8729899835965,189.19692314911111,216.59899831517762,199
2025-06-23,SKU007,Home Decor,184,4,207.1048429690079,191.26493794395006,225.40508975153898,222
2025-06-30,SKU007,Home Decor,218,4,201.28804958867224,191.5611492598065,216.72510465959368,214
2025-07-07,SKU007,Home Decor,178,4,170.48946978920367,163.0300656527491,177.55191915452536,178
2025-05-19,SKU008,Kitchen,122,4,123.25386556473636,120.25990882685589,151.3900541475706,137
2025-05-26,SKU008,Kitchen,110,4,137.00440447269125,128.07816719861424,150.36996794312816,124
2025-06-02,SKU008,Kitchen,144,4,135.1428306334975,125.99512069208957,147.84098338495892,139
2025-06-09,SKU008,Kitchen,115,4,131.9425679499401,127.25505138182243,155.76477615799075,121
2025-06-16,SKU008,Kitchen,132,4,138.24078627421687,124.44968242249669,151.09164146306088,109
2025-06-23,SKU008,Kitchen,103,4,138.84399061904753,130.6554867218043,156.11730375498047,139
2025-06-30,SKU008,Kitchen,123,4,142.6435684513034,132.11768269507425,155.12729382063532,140
2025-07-07,SKU008,Kitchen,117,4,118.62482913735664,123.43680403959934,131.38966144684895,118
2025-05-19,SKU009,Lighting,103,4,87.14700461677884,74.5474365042977,105.72209938241384,81
2025-05-26,SKU009,Lighting,85,4,88.31356102061245,74.67146709324379,101.34949335928815,84
2025-06-02,SKU009,Lighting,78,4,82.83637842845226,70.38826288106478,93.87709353655097,77
2025-06-09,SKU009,Lighting,84,4,82.08199866801056,74.77048395346169,98.4533604233381,99
2025-06-16,SKU009,Lighting,86,4,84.48147894441125,68.76465737195673,93.93008228041596,86
2025-06-23,SKU009,Lighting,80,4,79.92093192988192,64.17824475806943,95.24400243982858,64
2025-06-30,SKU009,Lighting,98,4,77.03545410166967,63.14753592124666,97.72542877594731,80
2025-07-07,SKU009,Lighting,76,4,77.12712666701552,63.54007033592167,83.68269858148552,82
2025-05-19,SKU010,Storage,128,4,134.55215131949691,125.88320402695375,156.0137282449583,149
2025-05-26,SKU010,Storage,147,4,145.89379562599066,129.40889870285014,151.17761227837954,130
2025-06-02,SKU010,Storage,142,4,137.48462505702093,147.74708476693118,153.4167871208858,162
2025-06-09,SKU010,Storage,141,4,150.88265167804104,137.46421393910455,162.98050616280383,152
2025-06-16,SKU010,Storage,135,4,152.10138091009009,138.77754376200272,162.1175865746465,146
2025-06-23,SKU010,Storage,149,4,152.82060851037073,140.01031109343697,159.23740386112567,143
2025-06-30,SKU010,Storage,113,4,139.4967973728646,128.21403042052646,154.11336767075974,132
2025-07-07,SKU010,Storage,116,4,112.44903313344304,119.06551609392552,133.42922710208407,105
2025-05-19,SKU011,Furniture,15,4,20.006618122999708,13.238745760577682,26.20257649661615,27
2025-05-26,SKU011,Furniture,17,4,18.854232813911405,13.514810373498364,25.197285244399357,18
2025-06-02,SKU011,Furniture,28,4,20.295711030200632,15.498830913654842,26.23665864424388,28
2025-06-09,SKU011,Furniture,20,4,19.95636584718623,15.23228943249708,27.089455053882,20
2025-06-16,SKU011,Furniture,25,4,17.737331514151418,14.92382569194951,25.18874970646821,17
2025-06-23,SKU011,Furniture,24,4,20.045278665779446,15.842364602829656,26.976367334555064,20
2025-06-30,SKU011,Furniture,16,4,18.616915062806843,14.820861436033137,24.976965535120485,18
2025-07-07,SKU011,Furniture,26,4,17.16335477553717,13.28317892929422,24.708984660482415,19
2025-05-19,SKU012,Home Decor,201,4,199.62593442496367,183.02547972406117,210.99894191323654,188
2025-05-26,SKU012,Home Decor,203,4,195.89923109173733,179.8479655110011,200.33139293636637,183
2025-06-02,SKU012,Home Decor,195,4,196.41078246040576,189.9678766940118,212.89430987060743,205
2025-06-09,SKU012,Home Decor,205,4,202.86797257517733,184.5535774214105,225.36428128707476,212
2025-06-16,SKU012,Home Decor,211,4,208.63517315157767,191.20671811603347,230.55795040299245,219
2025-06-23,SKU012,Home Decor,186,4,207.46644110955071,190.9951536798393,228.0014186664473,215
2025-06-30,SKU012,Home Decor,167,4,203.6598856108536,191.0055323468887,223.20789074209148,204
2025-07-07,SKU012,Home Decor,179,4,176.7193436835969,166.9828498782867,183.8324229877596,172
2025-05-19,SKU013,Kitchen,96,4,109.13765054058564,96.0647304330239,123.73392574012512,101
2025-05-26,SKU013,Kitchen,92,4,106.76097557583219,100.60985326292283,128.95950786907827,112
2025-06-02,SKU013,Kitchen,119,4,119.32312083256409,107.49914661826412,135.83521593351188,139
2025-06-09,SKU013,Kitchen,98,4,111.09899960340897,99.44524910464617,126.96670792016651,105
2025-06-16,SKU013,Kitchen,114,4,106.11942741337528,96.76503640405329,123.99793946116331,93
2025-06-23,SKU013,Kitchen,119,4,109.86885435139605,99.2662201300473,119.92543091149614,108
2025-06-30,SKU013,Kitchen,127,4,108.88034542847537,97.2197062690583,121.23535770765218,105
2025-07-07,SKU013,Kitchen,104,4,111.55245390204158,89.93307648556404,111.31073631305853,94
2025-05-19,SKU014,Lighting,159,4,166.50112508804858,159.63114453961236,186.25762573525157,158
2025-05-26,SKU014,Lighting,172,4,165.74224822480096,166.47095956647854,185.94841949763799,169
2025-06-02,SKU014,Lighting,161,4,165.26758892337386,175.0357351691879,188.78295092019619,195
2025-06-09,SKU014,Lighting,194,4,169.09864168612282,165.9858524972697,181.42128918982738,166
2025-06-16,SKU014,Lighting,164,4,174.79682065014907,170.71563369928077,187.3658785900962,185
2025-06-23,SKU014,Lighting,160,4,176.42915096920626,171.73441492971935,183.85181328257326,170
2025-06-30,SKU014,Lighting,190,4,178.84922667429714,171.30128499466136,179.61907759230783,184
2025-07-07,SKU014,Lighting,125,4,145.5107376682762,139.45045553600465,156.56441928046186,135
2025-05-19,SKU015,Storage,35,4,34.029429471144844,28.493227318886017,39.27452361885904,32
2025-05-26,SKU015,Storage,30,4,34.32609204994289,28.49846429321175,37.34601337826918,34
2025-06-02,SKU015,Storage,34,4,35.0572876367667,27.631840970756993,39.430859003458316,37
2025-06-09,SKU015,Storage,30,4,36.38613160629569,30.214115836828274,43.363083729397566,37
2025-06-16,SKU015,Storage,23,4,35.31060118502424,29.694281018706718,43.56693184422446,32
2025-06-23,SKU015,Storage,31,4,35.41441611223091,26.601018270587907,42.2496306099697,33
2025-06-30,SKU015,Storage,25,4,30.54419193382113,25.42366166639725,36.806456696827944,27
2025-07-07,SKU015,Storage,23,4,31.243598501647913,24.020259421224818,37.7320169126444,30
2025-05-19,SKU016,Furniture,125,4,113.84113620780276,105.27273915266404,134.03556830408695,131
2025-05-26,SKU016,Furniture,100,4,121.41851941257015,103.23885166994735,127.78500963301283,119
2025-06-02,SKU016,Furniture,121,4,117.03615789761986,103.60850410933891,128.70133654580923,105
2025-06-09,SKU016,Furniture,112,4,121.31687620156883,116.79076770656818,142.84858398370562,108
2025-06-16,SKU016,Furniture,112,4,121.4171068205461,110.24566790535602,121.7457049541942,109
2025-06-23,SKU016,Furniture,113,4,109.09436273634422,87.69274882210708,125.6547737031281,103
2025-06-30,SKU016,Furniture,111,4,106.72125532597907,95.18701154869206,126.76378437376086,114
2025-07-07,SKU016,Furniture,103,4,100.64429194300925,91.4451038439011,107.79262904450634,92
2025-05-19,SKU017,Home Decor,110,4,118.11092358286041,106.0413188374573,126.62777867370211,113
2025-05-26,SKU017,Home Decor,111,4,125.84627325134714,115.49129883806633,142.35295045585912,130
2025-06-02,SKU017,Home Decor,105,4,123.66366677487952,106.8532692149066,128.72592877128537,110
2025-06-09,SKU017,Home Decor,116,4,124.42337550349517,113.94256677787334,136.45381525961926,121
2025-06-16,SKU017,Home Decor,117,4,116.65414395860854,106.93984917986171,120.71282953147082,104
2025-06-23,SKU017,Home Decor,110,4,117.07091814259884,112.06095392764914,135.52385252321662,114
2025-06-30,SKU017,Home Decor,137,4,122.23311682463836,114.36459686388245,121.99863704487862,121
2025-07-07,SKU017,Home Decor,105,4,98.72881590450457,85.41625924419915,114.06627501883806,109
2025-05-19,SKU018,Kitchen,204,4,194.3148219518081,183.9270268015133,210.3064368146722,194
2025-05-26,SKU018,Kitchen,197,4,191.65322265786511,176.37013472024182,217.9546362322388,188
2025-06-02,SKU018,Kitchen,205,4,196.41591365704656,190.01157504509507,219.8016396378723,209
2025-06-09,SKU018,Kitchen,190,4,197.36341096450855,184.14294768982865,209.5162467912335,182
2025-06-16,SKU018,Kitchen,209,4,198.82575208744274,190.90556499462963,222.2011175684038,200
2025-06-23,SKU018,Kitchen,202,4,198.02707150281574,187.13029908082115,220.21148464275893,193
2025-06-30,SKU018,Kitchen,195,4,199.0573292101067,186.63818730306963,214.19224241415645,191
2025-07-07,SKU018,Kitchen,167,4,178.86696726239035,172.72888938017948,179.48687139362698,172
2025-05-19,SKU019,Lighting,110,4,125.95249465277186,127.92133902729631,156.45215337418404,150
2025-05-26,SKU019,Lighting,137,4,123.402486688658,118.39535303901646,145.18124166772992,128
2025-06-02,SKU019,Lighting,126,4,128.06437731421642,123.09573822796987,149.47468267675902,145
2025-06-09,SKU019,Lighting,150,4,133.9888090211507,122.87345535193056,151.350133228383,116
2025-06-16,SKU019,Lighting,112,4,132.96567956747043,123.10490799720894,152.5268783264655,136
2025-06-23,SKU019,Lighting,134,4,127.0744960133517,113.95092839250412,142.23550760211734,118
2025-06-30,SKU019,Lighting,132,4,123.41967753269458,112.1983566845739,143.5132142949504,113
2025-07-07,SKU019,Lighting,89,4,117.93361832912079,112.49323887687497,121.19358967194816,117
2025-05-19,SKU020,Storage,106,4,108.4699791951491,93.68909581861726,122.25470484562307,114
2025-05-26,SKU020,Storage,100,4,106.16709686332875,92.3222004661511,123.0543006526883,118
2025-06-02,SKU020,Storage,114,4,107.02380779130479,100.48758140071247,127.54444886793509,117
2025-06-09,SKU020,Storage,111,4,111.79342754200154,105.64988696998037,122.72210925148407,103
2025-06-16,SKU020,Storage,91,4,109.74967325324077,102.21545053723501,137.4323810192138,136
2025-06-23,SKU020,Storage,121,4,112.92224233306696,98.21257307130394,125.43972325733178,114
2025-06-30,SKU020,Storage,100,4,108.14589095934528,98.53691462843378,123.94270649406731,113
2025-07-07,SKU020,Storage,100,4,102.16362314724498,89.91270378697538,104.38962640797668,92
2025-05-19,SKU021,Furniture,77,4,73.23862417635948,56.97906288770446,83.26784503294618,70
2025-05-26,SKU021,Furniture,66,4,66.31772016222841,59.40794893896698,74.6995313894309,61
2025-06-02,SKU021,Furniture,71,4,73.91572322915988,57.393131925062974,77.94595134321193,73
2025-06-09,SKU021,Furniture,83,4,68.7600540449435,55.26388390751582,73.41034512962335,58
2025-06-16,SKU021,Furniture,72,4,70.41410496228639,56.50786662076616,74.4591244761507,75
2025-06-23,SKU021,Furniture,70,4,62.63880935000054,47.242112278479915,70.51585419788934,59
2025-06-30,SKU021,Furniture,68,4,59.91292691989817,49.273442300880745,71.65737431170461,55
2025-07-07,SKU021,Furniture,57,4,59.495531327469195,54.29946635981821,68.68111746123891,57
2025-05-19,SKU022,Home Decor,73,4,81.4732081351873,65.69567716429296,92.6938477888146,86
2025-05-26,SKU022,Home Decor,93,4,79.09347475446454,63.75848207954992,93.39975370922633,83
2025-06-02,SKU022,Home Decor,89,4,81.95495871400762,61.08506222130048,88.17295883976473,74
2025-06-09,SKU022,Home Decor,90,4,73.17123177261256,58.94031341291789,81.51891717278434,68
2025-06-16,SKU022,Home Decor,90,4,72.59154933831975,64.73227881771354,82.40592685712593,94
2025-06-23,SKU022,Home Decor,84,4,68.915716327248,61.20246938974701,81.89640918643055,86
2025-06-30,SKU022,Home Decor,87,4,69.38111694952345,57.73127394337608,85.2727577121004,80
2025-07-07,SKU022,Home Decor,64,4,66.78930061792735,56.50707248885395,79.11658034016831,59
2025-05-19,SKU023,Kitchen,106,4,126.00602971610796,111.43520447886047,139.33059406248603,126
2025-05-26,SKU023,Kitchen,116,4,124.13107396653088,113.49582383867423,137.84008788166105,109
2025-06-02,SKU023,Kitchen,111,4,123.87287541189492,113.33024689827042,141.31885072112917,113
2025-06-09,SKU023,Kitchen,123,4,126.9596947941065,116.11587180487672,146.68145413479655,120
2025-06-16,SKU023,Kitchen,133,4,125.32141436939817,114.03220688166748,140.21951764563326,110
2025-06-23,SKU023,Kitchen,116,4,125.70932797577451,118.53655036676854,145.92192931281917,131
2025-06-30,SKU023,Kitchen,135,4,120.44746418425778,112.776252530652,127.70889630545625,115
2025-07-07,SKU023,Kitchen,96,4,104.58514375891033,107.72304529814001,126.18421695182539,108
2025-05-19,SKU024,Lighting,86,4,110.44790955421747,101.48004595728112,125.40405869948984,106
2025-05-26,SKU024,Lighting,94,4,121.04434434069944,103.40051309243773,127.56621148104439,101
2025-06-02,SKU024,Lighting,88,4,121.09666545700651,106.73118050826965,128.0604938093392,123
2025-06-09,SKU024,Lighting,104,4,116.82483961668095,95.56613344463702,127.90193880609993,98
2025-06-16,SKU024,Lighting,107,4,108.46683465517903,91.42289857207838,117.48712955758587,92
2025-06-23,SKU024,Lighting,92,4,108.65579981924253,94.72694435138652,120.41425368893333,119
2025-06-30,SKU024,Lighting,110,4,108.64358532322332,99.79418062813268,119.08211367626092,106
2025-07-07,SKU024,Lighting,88,4,103.83152899990408,97.08309547896341,111.53593295987476,96
2025-05-19,SKU025,Storage,22,4,18.586492958316274,12.28224762396204,25.767985537455324,18
2025-05-26,SKU025,Storage,18,4,19.624594238396437,14.100489621804954,25.539597779377043,15
2025-06-02,SKU025,Storage,29,4,17.623073008577396,14.246823755330276,25.421171717991562,19
2025-06-09,SKU025,Storage,22,4,20.423234955385727,13.139997115500137,27.469283613994914,21
2025-06-16,SKU025,Storage,20,4,18.545058799098722,14.331691938288666,24.508695732773276,13
2025-06-23,SKU025,Storage,16,4,19.912677461573306,15.375115331552902,26.876241599703285,18
2025-06-30,SKU025,Storage,25,4,17.530149345556826,15.306366999530066,25.2809676457775,25
2025-07-07,SKU025,Storage,18,4,18.99932499343252,11.940973612095725,25.637369703728986,25
2025-05-19,SKU026,Furniture,184,4,169.82220787039745,171.59939994739193,190.42083014309094,160
2025-05-26,SKU026,Furniture,198,4,181.52255822260622,175.40457636900413,204.08303076181394,190
2025-06-02,SKU026,Furniture,193,4,186.07794133013996,167.13819597786954,204.7170801472322,189
2025-06-09,SKU026,Furniture,205,4,186.2147281435554,169.45785245621988,205.55879860954863,188
2025-06-16,SKU026,Furniture,199,4,182.5171264418576,168.22204463255264,192.71009112027195,175
2025-06-23,SKU026,Furniture,162,4,193.81103459030652,179.7756380678806,215.349505323938,223
2025-06-30,SKU026,Furniture,174,4,182.23694553653996,169.36670846386355,198.62159062162257,167
2025-07-07,SKU026,Furniture,144,4,148.87371749560674,142.270062093079,164.2912389151221,154
2025-05-19,SKU027,Home Decor,209,4,188.52512522947777,183.92199878634779,205.49060495559942,193
2025-05-26,SKU027,Home Decor,210,4,189.95476131018967,185.01715524552662,213.13845528105435,194
2025-06-02,SKU027,Home Decor,191,4,194.26921922828504,187.52135795073974,206.23216645410793,204
2025-06-09,SKU027,Home Decor,169,4,198.44053897830767,176.61154826776718,210.50893949097852,181
2025-06-16,SKU027,Home Decor,168,4,202.4987476650799,191.16780121347523,216.8422980129197,209
2025-06-23,SKU027,Home Decor,189,4,196.28081950775527,183.63180877739785,220.08674860989308,199
2025-06-30,SKU027,Home Decor,187,4,196.72713534850274,174.49296416742408,209.2983913545092,180
2025-07-07,SKU027,Home Decor,165,4,174.23617665478977,162.65605148102605,183.00271583575002,165
2025-05-19,SKU028,Kitchen,43,4,46.335844966878284,36.00666720574746,53.370832703225524,55
2025-05-26,SKU028,Kitchen,49,4,47.86116445693719,38.837885426447855,50.83518458828141,38
2025-06-02,SKU028,Kitchen,47,4,45.4859381291692,37.19336827504841,51.19274527069667,56
2025-06-09,SKU028,Kitchen,44,4,42.08855117922663,33.66276252341779,47.39862612187818,32
2025-06-16,SKU028,Kitchen,41,4,42.43064116182863,35.8341963061956,44.19972815473454,52
2025-06-23,SKU028,Kitchen,42,4,43.773649857556904,30.760208220442475,47.776452591249,54
2025-06-30,SKU028,Kitchen,43,4,42.81302352572496,35.2245918035083,53.00941641979543,46
2025-07-07,SKU028,Kitchen,32,4,39.48561317646762,33.4724452949306,45.30772450714402,40
2025-05-19,SKU029,Lighting,136,4,125.8252348097345,108.50746046513815,141.45039249647849,117
2025-05-26,SKU029,Lighting,129,4,120.92692701304695,114.80310605531757,142.38182030752705,131
2025-06-02,SKU029,Lighting,132,4,123.61602738420083,120.43389411664076,148.26399356008943,130
2025-06-09,SKU029,Lighting,127,4,131.26552262298355,127.2220914974483,154.15911497534987,130
2025-06-16,SKU029,Lighting,108,4,135.46052337549335,128.36929299312132,157.70822393031776,149
2025-06-23,SKU029,Lighting,127,4,129.38422745733118,116.22544097190078,142.80208092404183,123
2025-06-30,SKU029,Lighting,117,4,126.80097472525904,118.49381721597965,143.58592575343138,131
2025-07-07,SKU029,Lighting,99,4,120.29489247692918,110.90592009197077,118.64921945816356,113
2025-05-19,SKU030,Storage,34,4,37.15935555884816,31.11162662064491,44.62824575140471,37
2025-05-26,SKU030,Storage,43,4,40.11541517928774,33.52369270231462,47.49187621153345,47
2025-06-02,SKU030,Storage,36,4,37.79949874250532,32.13644209082781,44.384325538786655,41
2025-06-09,SKU030,Storage,46,4,37.893444031843586,30.05759821669501,41.83172107837592,28
2025-06-16,SKU030,Storage,44,4,41.19973949631844,32.5382770620979,45.8393041691597,47
2025-06-23,SKU030,Storage,33,4,37.00061571615676,28.194927327594307,42.92631658385548,25
2025-06-30,SKU030,Storage,44,4,33.33488010824142,28.497716657492553,44.198621491700436,32
2025-07-07,SKU030,Storage,28,4,32.45279384112371,26.300267221327147,40.26324850002092,34
2025-05-19,SKU031,Furniture,152,4,152.97413350993054,138.6311315388883,174.23758686562684,143
2025-05-26,SKU031,Furniture,147,4,154.58583332878598,144.1724239374685,172.6529692361413,147
2025-06-02,SKU031,Furniture,146,4,145.83613653095432,147.8510074949164,157.009593046164,161
2025-06-09,SKU031,Furniture,158,4,156.80658811037054,149.58386181981194,176.8092804344125,148
2025-06-16,SKU031,Furniture,158,4,156.46620132094873,147.53276043944874,158.1786530466391,148
2025-06-23,SKU031,Furniture,143,4,148.49949502053565,151.06061361331788,157.19867623094714,159
2025-06-30,SKU031,Furniture,146,4,158.86853558332442,155.64268515723322,157.75280718161628,160
2025-07-07,SKU031,Furniture,120,4,125.76605042699907,124.9715165308903,139.31128265401105,128
2025-05-19,SKU032,Home Decor,63,4,79.0967952673805,65.72230874154602,94.4291474907052,97
2025-05-26,SKU032,Home Decor,76,4,79.06903702258515,59.6993285600061,88.30800443935236,73
2025-06-02,SKU032,Home Decor,77,4,80.32724271438757,58.28344492368663,86.62745518776246,83
2025-06-09,SKU032,Home Decor,73,4,72.90574201580516,58.23556144720018,82.63091826271541,81
2025-06-16,SKU032,Home Decor,79,4,73.0534184753837,60.02924267334295,90.24412870704796,66
2025-06-23,SKU032,Home Decor,73,4,73.38932863579834,59.394735884008426,86.53711448017387,71
2025-06-30,SKU032,Home Decor,54,4,76.04471808537848,62.009585328083126,96.41808491946529,72
2025-07-07,SKU032,Home Decor,69,4,73.7835322910975,61.059685429475536,84.74570016747754,63
2025-05-19,SKU033,Kitchen,142,4,152.3969861639882,139.5642072118721,175.8569035282839,144
2025-05-26,SKU033,Kitchen,133,4,151.35531300950845,137.89318972330005,177.82566715983248,126
2025-06-02,SKU033,Kitchen,155,4,149.1457155567583,140.63028301441022,175.64949011356077,146
2025-06-09,SKU033,Kitchen,132,4,161.66444842295516,149.05338630563958,179.72283799618117,146
2025-06-16,SKU033,Kitchen,153,4,159.74603410238907,161.67530248969382,175.3816835939208,160
2025-06-23,SKU033,Kitchen,157,4,161.2467192265135,148.80842679530775,163.35272461820506,151
2025-06-30,SKU033,Kitchen,161,4,165.0531101642315,149.8471510944848,158.28281673238624,148
2025-07-07,SKU033,Kitchen,119,4,131.7045320641529,131.78696086682308,149.42313897498605,128
2025-05-19,SKU034,Lighting,186,4,158.32793264650536,159.51012207750222,178.3682872760132,164
2025-05-26,SKU034,Lighting,145,4,157.91814025314756,145.79340397733432,175.80963146043678,149
2025-06-02,SKU034,Lighting,184,4,162.86415164489395,156.31296591881812,175.3180750482539,159
2025-06-09,SKU034,Lighting,161,4,164.64838917429327,163.19672776687693,179.26032370155502,178
2025-06-16,SKU034,Lighting,164,4,166.27220213555287,156.9564248725535,182.22311421976337,173
2025-06-23,SKU034,Lighting,151,4,177.70960525185407,153.2695696081844,181.48579775820113,157
2025-06-30,SKU034,Lighting,184,4,169.04556855114484,158.57749080374617,182.14899053671965,180
2025-07-07,SKU034,Lighting,126,4,120.51528508832726,128.5050070627961,149.99316304315275,150
2025-05-19,SKU035,Storage,186,4,171.41141230430148,168.29971117564975,180.96903211765735,167
2025-05-26,SKU035,Storage,165,4,172.81983553903424,166.86454052571173,185.77835913463065,165
2025-06-02,SKU035,Storage,180,4,172.11699388499682,169.76998575507255,181.19582695798786,173
2025-06-09,SKU035,Storage,190,4,173.08648967799536,171.2276734966763,183.96225055272365,171
2025-06-16,SKU035,Storage,159,4,178.4813712319807,178.59333872497112,189.37614737460865,193
2025-06-23,SKU035,Storage,159,4,177.90972831137475,163.0464210937913,181.7551773969484,157
2025-06-30,SKU035,Storage,173,4,172.91494430697998,168.08279217691265,185.01040997834383,172
2025-07-07,SKU035,Storage,143,4,147.48152037660358,147.07429460015575,163.74142313342125,152
2025-05-19,SKU036,Furniture,40,4,37.761346889853165,27.4479487217281,43.10451354474073,37
2025-05-26,SKU036,Furniture,33,4,36.25151836003375,30.01300210079858,43.49225902276189,34
2025-06-02,SKU036,Furniture,39,4,40.19055004986345,31.612655682808818,45.72535093703535,44
2025-06-09,SKU036,Furniture,30,4,39.54917004810089,29.866644920930643,45.81836923266298,44
2025-06-16,SKU036,Furniture,32,4,37.19037748163787,31.636927170916074,44.214568306977476,39
2025-06-23,SKU036,Furniture,42,4,38.220657541500614,26.997197783018134,43.61452929711128,30
2025-06-30,SKU036,Furniture,41,4,34.992465419462675,29.62507777665687,44.43603589927803,35
2025-07-07,SKU036,Furniture,35,4,33.68575644746499,27.326795570231127,42.67703928132933,21
2025-05-19,SKU037,Home Decor,189,4,188.7078484784344,182.0119780129564,211.37142691090457,188
2025-05-26,SKU037,Home Decor,189,4,195.82791955142946,179.81196003613837,202.56976334224905,186
2025-06-02,SKU037,Home Decor,221,4,191.38364273324956,190.01862428153694,218.35085029961195,214
2025-06-09,SKU037,Home Decor,207,4,199.43294737492454,189.95674660961188,223.92104313019598,199
2025-06-16,SKU037,Home Decor,208,4,195.2315924176546,176.46962786311812,206.42493345505434,184
2025-06-23,SKU037,Home Decor,196,4,196.51979466987814,179.27040137005113,210.10686253877464,192
2025-06-30,SKU037,Home Decor,195,4,204.46305241460396,191.36492246696017,219.11440605834423,214
2025-07-07,SKU037,Home Decor,189,4,169.07496777217483,171.08000062374396,188.04014244599753,166
2025-05-19,SKU038,Kitchen,67,4,64.53347517670133,56.33713664241428,72.71001095723251,62
2025-05-26,SKU038,Kitchen,70,4,65.38634587144254,53.63879797151458,70.46935450406104,53
2025-06-02,SKU038,Kitchen,57,4,67.01111705879977,56.38407517798525,77.54952334285842,69
2025-06-09,SKU038,Kitchen,60,4,72.09669523830941,60.425170139346,80.90425773459032,63
2025-06-16,SKU038,Kitchen,61,4,70.94425384242496,59.31378691776785,73.10526637520519,64
2025-06-23,SKU038,Kitchen,65,4,68.75809600846397,56.896839304751694,72.94887186111268,52
2025-06-30,SKU038,Kitchen,74,4,70.01727367512451,57.61168010232291,75.55574901302273,78
2025-07-07,SKU038,Kitchen,54,4,59.04398479687447,50.39814560915802,63.70468504126735,43
2025-05-19,SKU039,Lighting,28,4,22.06773531993296,16.275439472250092,33.50767486884987,25
2025-05-26,SKU039,Lighting,25,4,20.463423111794757,12.934241033183312,27.737144166717457,24
2025-06-02,SKU039,Lighting,23,4,21.0249856539162,15.44836671593823,29.397436952171322,28
2025-06-09,SKU039,Lighting,22,4,20.772951171621816,15.07165099823254,26.620611197959715,23
2025-06-16,SKU039,Lighting,30,4,23.394324065508062,18.056696382974803,29.940378521460655,28
2025-06-23,SKU039,Lighting,30,4,20.552727360153572,14.70970797955714,27.76988169079896,23
2025-06-30,SKU039,Lighting,30,4,20.689517201800466,15.021516586404863,28.26790370419884,21
2025-07-07,SKU039,Lighting,21,4,19.341900279609906,12.980272669140666,26.102595708190965,20
2025-05-19,SKU040,Storage,121,4,130.54636332701966,116.25708552302548,146.96453708127396,105
2025-05-26,SKU040,Storage,124,4,131.47618954379857,121.29907974034224,144.85668571447468,125
2025-06-02,SKU040,Storage,141,4,123.96303756245037,121.26286399001378,147.77671818458504,134
2025-06-09,SKU040,Storage,109,4,130.86129212247312,120.49506967426528,148.5743769867027,120
2025-06-16,SKU040,Storage,120,4,123.56819762590366,115.97875506665711,146.98057231627607,135
2025-06-23,SKU040,Storage,119,4,118.64198166997294,106.79270276932652,135.8220754739917,115
2025-06-30,SKU040,Storage,128,4,120.64585425930652,109.859186651991,131.13023516670214,98
2025-07-07,SKU040,Storage,111,4,112.15513498980357,109.11667711104572,119.72143312016216,104
2025-05-19,SKU041,Furniture,84,4,87.96247537914572,72.98281756596276,111.36843042944021,77
2025-05-26,SKU041,Furniture,75,4,89.85043730628526,81.31833278362193,106.78298007197681,85
2025-06-02,SKU041,Furniture,85,4,90.75011309476773,81.55415332824465,108.61285815040948,98
2025-06-09,SKU041,Furniture,89,4,98.10359067977903,89.77110080206369,111.11888501900187,85
2025-06-16,SKU041,Furniture,107,4,96.84901371679801,83.75718984023793,110.13698318964121,93
2025-06-23,SKU041,Furniture,74,4,93.70677111720035,79.47014654936213,107.49353650103102,85
2025-06-30,SKU041,Furniture,75,4,92.78526576356121,75.01736920407917,110.11119017657548,88
2025-07-07,SKU041,Furniture,77,4,77.49880323608107,66.61896085821348,84.87574154878355,62
2025-05-19,SKU042,Home Decor,198,4,176.91538034330344,183.30677985589395,205.49806423359362,202
2025-05-26,SKU042,Home Decor,178,4,170.86085929540454,167.64200552028115,196.23780348951962,162
2025-06-02,SKU042,Home Decor,175,4,180.88724298385785,187.35221508854562,204.7151830127864,210
2025-06-09,SKU042,Home Decor,201,4,179.88154155302135,172.78220267783715,193.14767844638965,160
2025-06-16,SKU042,Home Decor,175,4,183.34311887002914,172.70697600366904,194.2915499960853,194
2025-06-23,SKU042,Home Decor,190,4,178.97367701317836,170.72366957589637,190.27574021727358,181
2025-06-30,SKU042,Home Decor,189,4,175.14456651507356,166.7713531228183,194.486601013591,158
2025-07-07,SKU042,Home Decor,170,4,153.25272975150426,152.2967905101683,165.98489369436265,143
2025-05-19,SKU043,Kitchen,163,4,173.7581495206786,167.59625526627462,190.01308349441064,184
2025-05-26,SKU043,Kitchen,189,4,176.55669968105067,169.94236579754502,189.08551299420293,181
2025-06-02,SKU043,Kitchen,192,4,181.9028272598532,177.09819091302256,196.58613390433567,191
2025-06-09,SKU043,Kitchen,194,4,186.75557509423052,171.5321363446995,187.42263223300773,172
2025-06-16,SKU043,Kitchen,174,4,183.2353770939195,170.79575004114616,189.48836565848544,169
2025-06-23,SKU043,Kitchen,183,4,186.99082950959036,171.51306667172648,190.97980282753477,173
2025-06-30,SKU043,Kitchen,180,4,181.9806604479257,169.03997455745892,188.94795733911087,161
2025-07-07,SKU043,Kitchen,167,4,146.73203390690057,144.5817820190186,159.26155315630237,149
2025-05-19,SKU044,Lighting,89,4,79.9042699238182,62.19793685273476,88.44788396724847,70
2025-05-26,SKU044,Lighting,68,4,78.73380971398304,61.65145113877183,88.14337638925431,77
2025-06-02,SKU044,Lighting,90,4,78.7395124339128,64.5433967041498,89.68455971652536,85
2025-06-09,SKU044,Lighting,74,4,79.73781790772453,64.1726124213578,85.34153022242145,82
2025-06-16,SKU044,Lighting,88,4,74.63556652838213,61.166328495226104,94.40266067378269,78
2025-06-23,SKU044,Lighting,67,4,73.31986866624207,61.28814839298482,93.46363696749778,75
2025-06-30,SKU044,Lighting,66,4,67.83363749905412,62.81463477532582,80.06042059076648,87
2025-07-07,SKU044,Lighting,61,4,67.91883433277218,58.92350514433108,79.59630833458483,79
2025-05-19,SKU045,Storage,203,4,205.66048949799753,190.5950730012106,224.6245990202757,217
2025-05-26,SKU045,Storage,210,4,189.90772569271323,179.12472272770773,202.52236330534507,183
2025-06-02,SKU045,Storage,227,4,204.35493371038967,190.5950730012106,226.5213476214427,228
2025-06-09,SKU045,Storage,206,4,212.48449005063603,191.5496364433124,230.3975133130061,224
2025-06-16,SKU045,Storage,212,4,209.96646072116803,191.76538755420938,230.5105361488941,240
2025-06-23,SKU045,Storage,177,4,202.19396675776167,190.34127448811154,224.59665375243884,211
2025-06-30,SKU045,Storage,212,4,202.68438300868556,184.56373792372972,226.05889871934792,200
2025-07-07,SKU045,Storage,150,4,175.7217303343152,162.10380434816187,184.85604589110812,178
2025-05-19,SKU046,Furniture,83,4,77.50611537009576,60.949973196107564,81.83884470779061,82
2025-05-26,SKU046,Furniture,63,4,74.40072054188735,57.89605408804362,80.49364735496334,80
2025-06-02,SKU046,Furniture,78,4,73.20128641161722,57.88992944070646,78.664220342908,72
2025-06-09,SKU046,Furniture,71,4,75.34489609773858,60.57115678701381,76.65420584565634,73
2025-06-16,SKU046,Furniture,69,4,67.28015692504299,57.54282503981285,82.2654100193662,70
2025-06-23,SKU046,Furniture,60,4,70.15809774913386,58.05773202466618,78.4779607406212,62
2025-06-30,SKU046,Furniture,77,4,65.88142546198662,59.45339775653427,79.78785003460487,70
2025-07-07,SKU046,Furniture,55,4,65.96001756633655,56.215867907290395,65.10589268429585,60
2025-05-19,SKU047,Home Decor,109,4,122.49249057008356,104.03598350022378,141.22208384699368,101
2025-05-26,SKU047,Home Decor,120,4,121.35697592707086,114.01771467549098,137.87873116898703,123
2025-06-02,SKU047,Home Decor,125,4,124.80117241747881,112.59187345288869,132.50549830932005,126
2025-06-09,SKU047,Home Decor,120,4,114.30631597415523,111.76417249573171,130.40527636632928,115
2025-06-16,SKU047,Home Decor,133,4,108.9952290989497,105.77942922914363,133.086537063353,108
2025-06-23,SKU047,Home Decor,123,4,111.00851696163562,113.09576645310744,124.34563444907121,128
2025-06-30,SKU047,Home Decor,107,4,110.1672892888086,105.3148836134423,130.94648045827418,129
2025-07-07,SKU047,Home Decor,113,4,101.6285412191616,95.06072951273471,103.79653106286004,122
2025-05-19,SKU048,Kitchen,62,4,71.64300808732673,58.42186410095552,73.84038083256881,67
2025-05-26,SKU048,Kitchen,72,4,71.20018377165187,56.42114682821943,79.87650784988129,70
2025-06-02,SKU048,Kitchen,70,4,76.49893062621328,62.20310628397059,78.27762812497637,75
2025-06-09,SKU048,Kitchen,62,4,71.4832216432466,60.030412601917995,78.73641345925012,69
2025-06-16,SKU048,Kitchen,58,4,71.5248805724664,60.942909661535,76.88985746679134,69
2025-06-23,SKU048,Kitchen,81,4,71.57020777125979,58.46714130197117,77.52948962337486,68
2025-06-30,SKU048,Kitchen,74,4,63.86685958741242,56.6788931204741,74.83877142854512,57
2025-07-07,SKU048,Kitchen,43,4,65.3021555173694,55.47850280934753,70.74748743764552,65
2025-05-19,SKU049,Lighting,198,4,191.80411966775057,177.77148800572388,208.94399594475675,188
2025-05-26,SKU049,Lighting,185,4,190.0952242612475,181.08819105143408,206.0626555808383,187
2025-06-02,SKU049,Lighting,204,4,194.09445303542068,181.5564049420901,217.35325198123942,197
2025-06-09,SKU049,Lighting,207,4,199.66924207109147,188.75321220481015,221.74065639996607,193
2025-06-16,SKU049,Lighting,205,4,195.9146958997565,187.649053059741,220.1258395012902,195
2025-06-23,SKU049,Lighting,193,4,194.59533898382008,185.33145977700855,207.56017891179283,181
2025-06-30,SKU049,Lighting,213,4,197.9750511689394,188.27349072141902,215.1967094714961,195
2025-07-07,SKU049,Lighting,171,4,171.39311776563073,168.71713645634824,180.90800654614748,175
2025-05-19,SKU050,Storage,55,4,57.402855105557265,47.48696879910429,69.31131682995496,50
2025-05-26,SKU050,Storage,72,4,56.09005085997387,44.048761430584705,64.50037717193734,41
2025-06-02,SKU050,Storage,50,4,60.675045035998906,48.40003660829498,66.77256046773887,49
2025-06-09,SKU050,Storage,49,4,60.58094014883061,44.38083585496905,64.13066446224869,52
2025-06-16,SKU050,Storage,48,4,57.9587710305081,48.30192312072608,65.91669971832671,50
2025-06-23,SKU050,Storage,59,4,58.99568485413329,42.58671729631996,60.75513034242359,49
2025-06-30,SKU050,Storage,62,4,51.424091138363565,41.33056644118773,61.802551732195106,43
2025-07-07,SKU050,Storage,42,4,50.24725961570685,38.682101712965384,56.86075539290808,47
